catalog,number,species,location,sex,coords.1.X,coords.1.Y,coords.2.X,coords.2.Y,coords.3.X,coords.3.Y,coords.4.X,coords.4.Y,coords.5.X,coords.5.Y,coords.6.X,coords.6.Y,coords.7.X,coords.7.Y,coords.8.X,coords.8.Y,coords.9.X,coords.9.Y,Csize
UCSB,IZC00030121,farinosus,island,female,0.315453508,-0.251280061,0.384449603,-0.103059583,0.136570905,0.109035681,0.111013464,0.193365015,-0.190519529,0.275133884,-0.33615919,0.405447696,-0.116414461,-0.108179015,-0.162419717,-0.21806825,-0.141974581,-0.302395366,3.083635964
UCSB,IZC00034799,farinosus,island,female,0.325156961,-0.246416712,0.39135526,-0.082776838,0.142471595,0.109834458,0.102504274,0.205804854,-0.192226343,0.280077956,-0.300252762,0.383885421,-0.128186742,-0.11100779,-0.186642067,-0.229292553,-0.154180175,-0.310108794,3.173014916
UCSB,IZC00030122,farinosus,island,female,0.326769071,-0.248958618,0.390400171,-0.08597722,0.130495006,0.125143213,0.101691022,0.203455648,-0.182937321,0.273909821,-0.299908384,0.386469751,-0.126432096,-0.104491386,-0.180646835,-0.230225661,-0.159430635,-0.319325548,3.00875706
UCSB,IZC00034847,farinosus,island,female,0.318055602,-0.249091308,0.389681628,-0.094482359,0.138217405,0.113647766,0.108712494,0.19755349,-0.196941856,0.279489938,-0.316429269,0.392607858,-0.116391635,-0.110448315,-0.173348876,-0.223901125,-0.151555492,-0.305375945,3.128660127
UCSB,IZC00030348,farinosus,island,female,0.312608588,-0.252082515,0.388449211,-0.093527735,0.127002542,0.121537416,0.100461994,0.207399824,-0.189939466,0.280971715,-0.306316823,0.394650758,-0.105469704,-0.108516744,-0.172879188,-0.236244104,-0.153917153,-0.314188615,3.096881602
UCSB,IZC00012025,ligatus,island,female,0.314696688,-0.264692692,0.349829909,-0.086583161,0.124800728,0.132858585,0.102669298,0.212269091,-0.191257975,0.284962762,-0.317861014,0.404684172,-0.103258745,-0.109099441,-0.15226974,-0.244655797,-0.127349149,-0.329743518,2.054828417
UCSB,IZC00012309,ligatus,island,male,0.324369598,-0.262414131,0.329120073,-0.070160909,0.121266399,0.13503526,0.084947491,0.228944538,-0.165971544,0.292715358,-0.297317755,0.404799403,-0.10602645,-0.116248538,-0.157477687,-0.266420872,-0.132910125,-0.34625011,2.030402857
UCSB,IZC00012355,ligatus,island,male,0.327078228,-0.251520017,0.34490472,-0.067139175,0.129001193,0.129788521,0.09247641,0.220592126,-0.164732026,0.285010486,-0.305150982,0.396392335,-0.10941896,-0.112154407,-0.171442237,-0.257670106,-0.142716346,-0.343299763,2.227401166
UCSB,IZC00012434,ligatus,island,male,0.322718677,-0.258576308,0.345140778,-0.079634076,0.132696096,0.12733891,0.099168527,0.214027174,-0.186012883,0.284012608,-0.314597543,0.404281138,-0.107839937,-0.115850668,-0.158207464,-0.247252093,-0.133066251,-0.328346686,2.067531486
UCSB,IZC00001300,ligatus,mainland,female,0.334509477,-0.255307473,0.365949707,-0.088434587,0.123526954,0.125130369,0.099583295,0.206542469,-0.192285033,0.285136964,-0.313501033,0.391923138,-0.119903641,-0.112927255,-0.157289265,-0.230293227,-0.14059046,-0.321770398,2.34434566
UCSB,IZC00003556,ligatus,mainland,female,0.332556891,-0.249632997,0.367424984,-0.076368419,0.13247405,0.129407486,0.100380944,0.206198752,-0.189204484,0.275870061,-0.307908404,0.389900551,-0.112917624,-0.107976359,-0.172494157,-0.241597354,-0.1503122,-0.325801723,2.362810727
UCSB,IZC00012042,ligatus,mainland,female,0.324179414,-0.254053828,0.358776033,-0.083407145,0.137408618,0.124471352,0.10271755,0.209775387,-0.190585025,0.281653386,-0.318602234,0.396250889,-0.115786922,-0.115575658,-0.163733512,-0.23557127,-0.13437392,-0.323543113,2.180910543
UCSB,IZC00012044,ligatus,mainland,female,0.324894843,-0.258259154,0.355556334,-0.080299308,0.132395823,0.130985712,0.105350803,0.210603476,-0.196001259,0.280861816,-0.31131381,0.396129842,-0.112258025,-0.115416789,-0.157273774,-0.238620604,-0.141350936,-0.325984991,2.132302156
UCSB,IZC00012359,ligatus,mainland,female,0.328382791,-0.258186546,0.345576336,-0.076421145,0.132137272,0.130190101,0.106974665,0.208546683,-0.189201894,0.284245802,-0.312301504,0.399587639,-0.117517316,-0.11619357,-0.159605992,-0.2467062,-0.134444357,-0.325062765,2.132920073
UCSB,IZC00012431,ligatus,mainland,female,0.316605194,-0.262442609,0.349697471,-0.078330139,0.132720017,0.126241938,0.104404904,0.208126314,-0.192603421,0.286906305,-0.318094466,0.403815593,-0.108918013,-0.114141171,-0.154735251,-0.242840013,-0.129076435,-0.327336219,2.219746008
UCSB,IZC00012437,ligatus,mainland,female,0.332676393,-0.253199844,0.350002491,-0.07802852,0.141747815,0.122835766,0.107913278,0.21075711,-0.196958562,0.284885286,-0.31300696,0.389397788,-0.112443559,-0.111556715,-0.163936821,-0.241303141,-0.145994074,-0.323787732,2.176674636
UCSB,IZC00012446,ligatus,mainland,male,0.3102636,-0.258745251,0.339381511,-0.070681706,0.143249023,0.138802216,0.098888581,0.231083965,-0.181553636,0.286207895,-0.302201263,0.39058434,-0.10493867,-0.112865096,-0.164980365,-0.255420036,-0.13810878,-0.348966326,2.321984434
UCSB,IZC00012448,ligatus,mainland,male,0.3040418,-0.256351234,0.343045252,-0.081065239,0.123755446,0.13711375,0.084591737,0.227741693,-0.180032825,0.296245529,-0.2940435,0.408111976,-0.107873161,-0.122466542,-0.153496817,-0.257861397,-0.119987934,-0.351468536,2.037141309
UCSB,IZC00012458,ligatus,mainland,female,0.33389293,-0.253412711,0.362302836,-0.084343265,0.132095874,0.121149013,0.102731499,0.203461056,-0.197933861,0.282448851,-0.314224288,0.395157872,-0.115719675,-0.111292465,-0.166253939,-0.235428168,-0.136891376,-0.317740181,2.323024753
UCSB,IZC00026425,ligatus,mainland,female,0.324970177,-0.253665735,0.362619523,-0.080021899,0.131537226,0.126304457,0.095677577,0.214191961,-0.175505706,0.277777321,-0.318420924,0.396332286,-0.115190694,-0.112002637,-0.164819336,-0.245255113,-0.140867842,-0.323660641,2.431465547
UCSB,IZC00028191,ligatus,mainland,female,0.3196687,-0.256018231,0.352780654,-0.081576157,0.126463059,0.127493616,0.090661415,0.223145425,-0.17333217,0.282861963,-0.311216767,0.402838648,-0.115416324,-0.115742939,-0.157817599,-0.250011386,-0.131790968,-0.33299094,2.32591844
UCSB,IZC00028636,ligatus,mainland,female,0.328637994,-0.252111284,0.358583313,-0.081380055,0.133726634,0.129792656,0.10138859,0.210035593,-0.186193053,0.280943926,-0.31246325,0.393940632,-0.121960786,-0.114786315,-0.160335163,-0.240589652,-0.141384278,-0.325845501,2.572372162
UCSB,IZC00028854,ligatus,mainland,female,0.328052746,-0.250105105,0.352994474,-0.074480433,0.130764484,0.129128605,0.106392153,0.212273419,-0.186273981,0.28341489,-0.305004905,0.3936441,-0.121576162,-0.114100513,-0.167387328,-0.245917721,-0.13796148,-0.333857242,2.346596162
UCSB,IZC00028872,ligatus,mainland,female,0.332836706,-0.256028522,0.362892187,-0.083209069,0.129962849,0.127179629,0.09489847,0.209832717,-0.183116871,0.277458111,-0.315861255,0.395175376,-0.115491265,-0.110760729,-0.165583574,-0.23849722,-0.140537246,-0.321150292,2.30725636
UCSB,IZC00030129,ligatus,mainland,female,0.327799589,-0.24863178,0.345641418,-0.082690392,0.140012853,0.124167695,0.113579055,0.210382702,-0.197355035,0.279109767,-0.314172024,0.401204289,-0.120259019,-0.117976054,-0.163582046,-0.238383268,-0.131664791,-0.327182959,2.13097224
UCSB,IZC00030181,ligatus,mainland,female,0.328857221,-0.253747145,0.359281444,-0.081403756,0.13523193,0.125104495,0.110680468,0.211885279,-0.198236398,0.281033348,-0.312871342,0.386810211,-0.112211091,-0.10476979,-0.166359353,-0.239044265,-0.144372878,-0.325868378,2.254292355
UCSB,IZC00030269,ligatus,mainland,female,0.326317759,-0.25886512,0.354219924,-0.078385509,0.132065198,0.128602448,0.098401048,0.212519284,-0.19054127,0.278959989,-0.309517126,0.398788715,-0.109911468,-0.109317806,-0.165015451,-0.243064361,-0.136018616,-0.329237639,2.522604543
UCSB,IZC00034038,ligatus,mainland,female,0.326322739,-0.254716837,0.350910474,-0.079970136,0.124328914,0.139057918,0.099212672,0.213876256,-0.183768249,0.285062456,-0.302712321,0.395778248,-0.113305114,-0.116230565,-0.164702792,-0.247069435,-0.136286322,-0.335787905,2.062892356
UCSB,IZC00034513,ligatus,mainland,female,0.338455978,-0.241090581,0.39183899,-0.088370386,0.134153815,0.115265932,0.103938676,0.190732083,-0.198774921,0.273047805,-0.32118775,0.38947433,-0.127977282,-0.112170305,-0.175342082,-0.224597484,-0.145105425,-0.302291395,2.991577881
UCSB,IZC00034522,ligatus,mainland,female,0.324971463,-0.25556355,0.341515631,-0.079876363,0.132158728,0.12624116,0.101392701,0.212648409,-0.183101188,0.282052185,-0.317078201,0.407383895,-0.107385052,-0.116608839,-0.160225371,-0.244933334,-0.132248711,-0.331343563,2.085563552
UCSB,IZC00034592,ligatus,mainland,female,0.330602854,-0.248276408,0.350678344,-0.078555126,0.141096717,0.123254771,0.114388278,0.205130877,-0.19276461,0.278492638,-0.320738097,0.394396142,-0.111042723,-0.108603784,-0.166746283,-0.238124109,-0.145474479,-0.327715001,2.208415561
UCSB,IZC00034801,ligatus,mainland,female,0.323947436,-0.257715133,0.359363136,-0.084128977,0.126080541,0.129951427,0.092067312,0.213667984,-0.190799547,0.287645883,-0.303256873,0.396108892,-0.115937746,-0.109078025,-0.159942032,-0.246352615,-0.131522226,-0.330099436,2.066794983
UCSB,IZC00034809,ligatus,mainland,female,0.327733134,-0.25157941,0.350711052,-0.078655872,0.133689268,0.123519788,0.101621105,0.209423818,-0.178218109,0.282856329,-0.320866299,0.402556316,-0.114889185,-0.121992688,-0.16341309,-0.245857298,-0.136367876,-0.320270984,2.06100743
UCSB,IZC00036237,ligatus,mainland,female,0.317258647,-0.224896531,0.36900162,-0.091700678,0.134517123,0.124799335,0.103902238,0.207305257,-0.187309726,0.283088959,-0.308375649,0.400087261,-0.127039072,-0.117505418,-0.161265873,-0.250555546,-0.140689308,-0.330622639,2.307625125
UCSB,IZC00036334,ligatus,mainland,female,0.335976917,-0.257659288,0.357964647,-0.082583592,0.129635686,0.128509927,0.090990425,0.213819916,-0.185596389,0.280990389,-0.305116808,0.395001922,-0.128056862,-0.114346313,-0.162313537,-0.237748065,-0.133484079,-0.325984895,2.313724087
UCSB,IZC00036335,ligatus,mainland,female,0.339272685,-0.255294679,0.357550146,-0.078693941,0.125714718,0.127483009,0.097801518,0.206693714,-0.185775579,0.283634818,-0.306461921,0.394192919,-0.127337665,-0.11324952,-0.161832383,-0.240370571,-0.138931519,-0.324395749,2.352243101
UCSB,IZC00036873,ligatus,mainland,female,0.328051163,-0.260548275,0.360888585,-0.078019625,0.137576513,0.119786932,0.104143609,0.210823099,-0.19442037,0.275953182,-0.318189754,0.394943235,-0.116348781,-0.107781067,-0.166211963,-0.234575995,-0.135489002,-0.320581486,2.262167589
UCSB,IZC00037027,ligatus,mainland,female,0.326459445,-0.257396014,0.358550616,-0.094276764,0.124397761,0.13496831,0.098203529,0.217074034,-0.184430422,0.280694913,-0.316512109,0.394151672,-0.110446377,-0.110015866,-0.161225182,-0.242909517,-0.134997261,-0.322290768,2.121353619
UCSB,IZC00037365,ligatus,mainland,female,0.334412151,-0.232035284,0.368547198,-0.091103411,0.137532219,0.121271812,0.092372487,0.212782715,-0.177250291,0.276840441,-0.314942188,0.395182359,-0.122304756,-0.121606093,-0.166939939,-0.243806591,-0.15142688,-0.317525948,2.410844454
UCSB,IZC00037381,ligatus,mainland,female,0.334398636,-0.225795537,0.35997926,-0.087003623,0.136977295,0.119374639,0.101986873,0.203697764,-0.182472258,0.27890775,-0.312941374,0.400293893,-0.119877025,-0.115036948,-0.169317371,-0.243942443,-0.148734035,-0.330495494,2.39854778
UCSB,IZC00037388,ligatus,mainland,female,0.312306681,-0.259911316,0.362736765,-0.076976075,0.13380289,0.126599085,0.10385515,0.211734412,-0.189000348,0.280568675,-0.317383013,0.398074597,-0.115069608,-0.110212791,-0.159148334,-0.239565726,-0.132100184,-0.330310862,2.046177179
UCSB,IZC00037451,ligatus,mainland,female,0.326775199,-0.254234884,0.367272005,-0.076981738,0.142974483,0.12461486,0.103631885,0.208033519,-0.189834143,0.272191195,-0.320123146,0.391342289,-0.1153614,-0.108617336,-0.169300932,-0.239845342,-0.146033951,-0.316502563,2.235902578
UCSB,IZC00034532,rubicundus,island,female,0.352822,-0.222093196,0.389453722,-0.062958723,0.118472231,0.125808272,0.08631078,0.202937762,-0.224782695,0.265027683,-0.340099388,0.366056557,-0.106240094,-0.116203489,-0.146673416,-0.239929769,-0.129263139,-0.318645098,2.718087737
UCSB,IZC00034508,rubicundus,island,female,0.339801895,-0.222010938,0.394938404,-0.055444369,0.124007031,0.122802114,0.086975194,0.209805484,-0.207507996,0.262075252,-0.348607946,0.364893291,-0.112872466,-0.118794331,-0.155432985,-0.239289089,-0.121301129,-0.324037415,3.079641548
UCSB,IZC00034741,rubicundus,mainland,female,0.357204337,-0.217066423,0.390317597,-0.051507704,0.1163933,0.129102156,0.08930105,0.201346722,-0.205694696,0.25853954,-0.341151663,0.36389473,-0.11237922,-0.117730527,-0.154521412,-0.241147019,-0.139469294,-0.325431474,2.678966045
UCSB,IZC00012013,rubicundus,mainland,female,0.345014509,-0.222383853,0.396422698,-0.051824664,0.121010295,0.132601303,0.08513553,0.207082487,-0.199638206,0.258536091,-0.344394686,0.360097344,-0.116816533,-0.114496109,-0.159343258,-0.239994764,-0.12739035,-0.329617836,2.775844931
UCSB,IZC00003754,tripartitus,island,female,0.32826241,-0.254694554,0.335961033,-0.066479761,0.152254344,0.11949815,0.11479703,0.218071917,-0.156537729,0.277607585,-0.280142874,0.404878266,-0.132064439,-0.121461414,-0.196596169,-0.247632694,-0.165933607,-0.329787495,1.731862614
UCSB,IZC00030014,tripartitus,island,female,0.353223242,-0.251294881,0.347168272,-0.072150197,0.141314438,0.113022568,0.118704531,0.203885949,-0.166080964,0.276289884,-0.283383139,0.394849372,-0.130927272,-0.11211882,-0.199650528,-0.232707057,-0.18036858,-0.319776819,1.639983761
UCSB,IZC00030019,tripartitus,island,female,0.347746047,-0.250530635,0.347460576,-0.064570938,0.140161995,0.121071163,0.108448135,0.208740691,-0.158316458,0.274994288,-0.267277743,0.397630816,-0.140164319,-0.117952865,-0.203136037,-0.237346174,-0.174922196,-0.332036346,1.676225186
UCSB,IZC00030048,tripartitus,island,female,0.336240568,-0.239016151,0.35717507,-0.077607869,0.141376529,0.122386907,0.108783329,0.215481504,-0.153137768,0.275506386,-0.27545428,0.396966266,-0.133806828,-0.122359872,-0.194296179,-0.251629164,-0.186880441,-0.319728007,1.632003008
UCSB,IZC00030063,tripartitus,island,female,0.326585892,-0.24401265,0.342544715,-0.067844643,0.151727036,0.128521546,0.121829904,0.206808905,-0.156642714,0.281719019,-0.27719767,0.399722531,-0.143860714,-0.124147899,-0.194235244,-0.249299313,-0.170751206,-0.331467497,1.765723118
UCSB,IZC00030067,tripartitus,island,female,0.343090096,-0.250385492,0.338095243,-0.063899161,0.13970076,0.117407759,0.109665335,0.206458594,-0.147933079,0.275584392,-0.275957977,0.410387504,-0.144279867,-0.118298075,-0.196205893,-0.24410271,-0.166174619,-0.333152811,1.683315854
UCSB,IZC00030095,tripartitus,island,female,0.350777981,-0.254598527,0.342298864,-0.067461322,0.13946823,0.118917234,0.119904389,0.201808384,-0.168901718,0.279043388,-0.277012721,0.394887522,-0.130057469,-0.110940618,-0.193900668,-0.228318482,-0.182576887,-0.333337579,1.575546644
UCSB,IZC00030111,tripartitus,island,female,0.349823384,-0.262755216,0.339362018,-0.081241557,0.13280658,0.120969759,0.106677352,0.207833617,-0.160282406,0.279593429,-0.285020181,0.406497632,-0.128198523,-0.118164351,-0.185441884,-0.231088897,-0.169726341,-0.321644416,1.684213808
UCSB,IZC00030123,tripartitus,island,female,0.335751968,-0.256056667,0.342440807,-0.073787044,0.142376409,0.119105873,0.115854707,0.207255078,-0.166996344,0.278832649,-0.280503781,0.40708075,-0.135342779,-0.118059522,-0.18651399,-0.23641936,-0.167066997,-0.327951757,1.667797927
UCSB,IZC00030131,tripartitus,island,female,0.334358172,-0.256143003,0.347559111,-0.073837849,0.140598593,0.131867806,0.105949009,0.217738609,-0.148714421,0.275431141,-0.276328012,0.398846879,-0.137183046,-0.123453287,-0.198718458,-0.24400383,-0.167520947,-0.326446465,1.700718887
UCSB,IZC00030139,tripartitus,island,female,0.366781699,-0.247427447,0.344486112,-0.069845938,0.144987534,0.113776171,0.110790058,0.202891714,-0.161244383,0.270534767,-0.276522052,0.392697925,-0.141764532,-0.109097375,-0.200175594,-0.228815675,-0.18733884,-0.324714142,1.65009456
UCSB,IZC00030146,tripartitus,island,female,0.337529871,-0.25007589,0.351111506,-0.076373923,0.137813559,0.117815025,0.109134859,0.213403307,-0.149791361,0.27631167,-0.284892366,0.403432401,-0.134258798,-0.120558601,-0.194082216,-0.244800613,-0.172565054,-0.319153376,1.650471881
UCSB,IZC00030155,tripartitus,island,female,0.336922844,-0.257789909,0.342477353,-0.078855732,0.128244488,0.129923763,0.096229121,0.223812619,-0.146225022,0.278537201,-0.270458095,0.40612874,-0.123207419,-0.122075155,-0.196009026,-0.248305869,-0.167974244,-0.331375657,1.595471962
UCSB,IZC00030168,tripartitus,island,female,0.351451418,-0.252442054,0.351290444,-0.070845897,0.15103045,0.11132802,0.099376735,0.209741431,-0.164811566,0.275875349,-0.274936706,0.395155626,-0.135919266,-0.1144005,-0.196145579,-0.230587214,-0.181335929,-0.32382476,1.57955839
UCSB,IZC00030194,tripartitus,island,female,0.33847778,-0.2471052,0.357040875,-0.073725613,0.146021136,0.115509444,0.116058801,0.20655676,-0.165885578,0.275461902,-0.282817242,0.39558496,-0.130301669,-0.115862647,-0.200997674,-0.232912886,-0.177596429,-0.323506722,1.778280881
UCSB,IZC00030212,tripartitus,island,female,0.327831917,-0.258697669,0.340595038,-0.070282796,0.15391798,0.130350577,0.105483656,0.216324731,-0.15160027,0.277242761,-0.283025184,0.403290391,-0.131415478,-0.13046344,-0.188404417,-0.243749393,-0.173383241,-0.324015162,1.60005777
UCSB,IZC00030229,tripartitus,island,female,0.326969997,-0.249959159,0.341375767,-0.068990598,0.155083844,0.124332203,0.112971101,0.209686949,-0.156694974,0.278013019,-0.282849277,0.404474741,-0.131744089,-0.12153488,-0.188476927,-0.247082238,-0.176635442,-0.328940037,1.748929478
UCSB,IZC00030263,tripartitus,island,female,0.330802028,-0.254893745,0.337352942,-0.069077814,0.143918841,0.129081192,0.120665673,0.209693239,-0.155617138,0.27804572,-0.281950475,0.405774142,-0.135426751,-0.125389887,-0.191239423,-0.249722114,-0.168505696,-0.323510733,1.709395286
UCSB,IZC00030275,tripartitus,island,female,0.333097664,-0.246998822,0.334664238,-0.077037406,0.149487227,0.110019542,0.121527239,0.206026776,-0.164309075,0.275951086,-0.291063665,0.416698988,-0.132954443,-0.119267383,-0.18516418,-0.234538341,-0.165285004,-0.33085444,1.473255934
UCSB,IZC00030289,tripartitus,island,female,0.329756158,-0.230552504,0.358842599,-0.073421401,0.152481682,0.120556942,0.119323706,0.204436171,-0.164785457,0.277148412,-0.273744588,0.396037179,-0.138935728,-0.11938346,-0.202905799,-0.247009769,-0.180032573,-0.32781157,1.723909551
UCSB,IZC00030320,tripartitus,island,female,0.348709623,-0.250847559,0.343203565,-0.069334161,0.147659546,0.120656068,0.107257354,0.213402508,-0.156930816,0.271817969,-0.273060861,0.3982003,-0.141910255,-0.117920867,-0.196570151,-0.240975262,-0.178358004,-0.324998998,1.785776596
UCSB,IZC00030327,tripartitus,island,female,0.354865807,-0.254677789,0.357382695,-0.078795974,0.13734065,0.109184838,0.108538898,0.207995346,-0.165753762,0.276456507,-0.281979829,0.394172771,-0.141817538,-0.111842649,-0.196104691,-0.227398735,-0.17247223,-0.315094316,1.475923482
UCSB,IZC00030336,tripartitus,island,female,0.349098453,-0.251149726,0.355513802,-0.073938649,0.135362216,0.125803169,0.103222517,0.211332894,-0.151394971,0.272269498,-0.271875714,0.396167183,-0.146200736,-0.119995968,-0.199591282,-0.237663788,-0.174134285,-0.322824612,1.748012267
UCSB,IZC00030350,tripartitus,island,female,0.342423795,-0.254842496,0.341002778,-0.075682463,0.130972841,0.129891669,0.096440363,0.211362754,-0.145715714,0.283437454,-0.270976616,0.405375051,-0.134393712,-0.121230665,-0.188391613,-0.241011763,-0.171362123,-0.33729954,1.642387343
UCSB,IZC00030361,tripartitus,island,female,0.35014311,-0.2517707,0.344171028,-0.069942538,0.142235028,0.116214147,0.109375197,0.217214411,-0.160798557,0.276505111,-0.270845734,0.39394848,-0.137927161,-0.118487071,-0.195815173,-0.234718879,-0.180537738,-0.328962962,1.671311177
UCSB,IZC00030374,tripartitus,island,female,0.342691702,-0.248774041,0.353938124,-0.063305907,0.145953417,0.119710554,0.113827785,0.210496512,-0.16530546,0.278115308,-0.267905785,0.387498991,-0.137337813,-0.116389958,-0.202240807,-0.235543421,-0.183621163,-0.331808039,1.794873476
UCSB,IZC00030382,tripartitus,island,female,0.35009027,-0.262740789,0.345454595,-0.074073187,0.131769666,0.123372995,0.097477614,0.204398158,-0.151112318,0.269286786,-0.283283512,0.41304238,-0.129633519,-0.116950407,-0.184724654,-0.231914471,-0.176038143,-0.324421465,1.397782281
UCSB,IZC00030397,tripartitus,island,female,0.342852608,-0.259798953,0.340267119,-0.069424641,0.143542174,0.125635444,0.109398618,0.213054394,-0.162466423,0.278933061,-0.270281815,0.398306534,-0.142447041,-0.116264489,-0.191962851,-0.245097151,-0.168902389,-0.3253442,1.587135849
UCSB,IZC00030414,tripartitus,island,female,0.333693121,-0.249952123,0.340239185,-0.06327859,0.146160685,0.123256782,0.106211266,0.217308474,-0.155628876,0.28044207,-0.264287389,0.403302626,-0.138167233,-0.12799885,-0.195555217,-0.251571146,-0.172665542,-0.331509242,1.691538423
UCSB,IZC00030442,tripartitus,island,female,0.336585882,-0.258559372,0.335164214,-0.069297939,0.141136866,0.122078002,0.105802432,0.209108178,-0.157106746,0.278615287,-0.277091689,0.412807601,-0.127255315,-0.117891921,-0.189459608,-0.246831639,-0.167776035,-0.330028197,1.710822952
UCSB,IZC00030451,tripartitus,island,female,0.335750544,-0.253372201,0.337879422,-0.064075346,0.139744584,0.12383435,0.118921498,0.21508926,-0.164287217,0.283806493,-0.264954876,0.397806503,-0.136065648,-0.120640126,-0.195743765,-0.247396532,-0.171244543,-0.335052401,1.597488122
UCSB,IZC00030463,tripartitus,island,female,0.319096759,-0.247081878,0.342637145,-0.065646012,0.149573291,0.128591057,0.124265489,0.218187501,-0.155063942,0.277504426,-0.274943231,0.399735501,-0.142948508,-0.12229806,-0.190638666,-0.252823435,-0.171978337,-0.336169101,1.824581273
UCSB,IZC00030467,tripartitus,island,female,0.346015294,-0.257212314,0.345908451,-0.071668354,0.143511249,0.123398242,0.098744903,0.21534603,-0.150897117,0.277010263,-0.275707499,0.397302728,-0.136940222,-0.120332387,-0.194361749,-0.240671421,-0.176273309,-0.323172788,1.765672087
UCSB,IZC00030506,tripartitus,island,female,0.31651162,-0.248038105,0.34591154,-0.068151187,0.151490983,0.126857724,0.119772186,0.210992575,-0.164396259,0.279923291,-0.276256334,0.405693437,-0.132126583,-0.127475207,-0.191137369,-0.247380502,-0.169769784,-0.332422026,1.698922632
UCSB,IZC00030539,tripartitus,island,female,0.338724912,-0.25407517,0.345684504,-0.078401338,0.128195708,0.126898344,0.101005474,0.209934821,-0.150192232,0.275974463,-0.276027111,0.415920175,-0.131724389,-0.130682769,-0.191425107,-0.241266634,-0.164241759,-0.324301893,1.519700073
UCSB,IZC00030903,tripartitus,island,female,0.338494459,-0.23469141,0.357562972,-0.067382411,0.148683555,0.120732359,0.122586003,0.207191832,-0.157768626,0.268792751,-0.275615557,0.393587864,-0.14381995,-0.11730202,-0.204693336,-0.24768661,-0.185429521,-0.323242355,1.629725492
UCSB,IZC00030951,tripartitus,island,female,0.350040939,-0.249817813,0.35324639,-0.076724272,0.135989233,0.114744642,0.109888754,0.209137546,-0.159876801,0.275056967,-0.280986131,0.395785965,-0.128505422,-0.109859191,-0.197059324,-0.234363489,-0.182737637,-0.323960355,1.453783093
UCSB,IZC00031103,tripartitus,island,female,0.325486177,-0.253801139,0.342868985,-0.068844714,0.142443762,0.123173929,0.111557623,0.215137513,-0.153159436,0.277669251,-0.280205952,0.40796487,-0.124879013,-0.121113024,-0.192465611,-0.250642121,-0.171646535,-0.329544565,1.76310502
UCSB,IZC00034036,tripartitus,island,female,0.344336172,-0.252282319,0.346185562,-0.072874358,0.137149014,0.121286529,0.111379788,0.210902817,-0.156861584,0.278583489,-0.276498373,0.399327076,-0.13847538,-0.120538114,-0.190660837,-0.238865709,-0.176554362,-0.325539411,1.593340865
UCSB,IZC00034060,tripartitus,island,female,0.327263181,-0.253189002,0.331034151,-0.072107757,0.153861646,0.119984937,0.119455712,0.207659746,-0.16166875,0.278727277,-0.28932853,0.411814984,-0.126506434,-0.120553886,-0.18686492,-0.235242308,-0.167246056,-0.337093991,1.624163394
UCSB,IZC00034574,tripartitus,island,female,0.351504483,-0.24880489,0.352697053,-0.075259785,0.148326578,0.118439129,0.103959133,0.213686716,-0.158519484,0.267971159,-0.277971163,0.394227735,-0.136606003,-0.11595183,-0.197722492,-0.23359299,-0.185668106,-0.320715243,1.618404578
UCSB,IZC00034616,tripartitus,island,female,0.33380938,-0.247615499,0.341333997,-0.0682471,0.143156414,0.123389091,0.10752741,0.218569322,-0.150204911,0.279396705,-0.268939271,0.401545274,-0.136536451,-0.119695622,-0.199108345,-0.253956426,-0.171038222,-0.333385745,1.802837221
UCSB,IZC00035255,tripartitus,island,female,0.320875672,-0.258647963,0.346667667,-0.067413957,0.14732946,0.124187626,0.110511382,0.21803767,-0.158883774,0.285994863,-0.274682194,0.395546654,-0.131507384,-0.112175274,-0.195357877,-0.249249267,-0.164952954,-0.336280351,1.820597754
UCSB,IZC00035328,tripartitus,island,female,0.346613428,-0.247478333,0.352138756,-0.073594531,0.142009135,0.112423597,0.099494074,0.209421406,-0.151389884,0.27689485,-0.27756986,0.401020363,-0.141234044,-0.112417049,-0.195831324,-0.238026487,-0.17423028,-0.328243815,1.73301956
UCSB,IZC00035447,tripartitus,island,unknown,0.352469459,-0.255683994,0.349344065,-0.06769998,0.137345563,0.116811643,0.101028198,0.206744679,-0.150784664,0.272198224,-0.278307378,0.402396923,-0.13732931,-0.117584753,-0.198137297,-0.230029253,-0.175628636,-0.32715349,1.710046879
UCSB,IZC00036964,tripartitus,island,female,0.326822215,-0.249878584,0.333836432,-0.06552963,0.149928104,0.13572059,0.117189942,0.214819105,-0.152621845,0.281293788,-0.270866636,0.400094033,-0.137105721,-0.126975956,-0.196666183,-0.255230777,-0.170516309,-0.334312569,1.74667415
UCSB,IZC00036968,tripartitus,island,female,0.33028239,-0.250106349,0.344282363,-0.077895275,0.141089233,0.123028294,0.118132107,0.212707145,-0.155421175,0.282268962,-0.287054783,0.401274259,-0.126961121,-0.121701812,-0.189879143,-0.245538968,-0.17446987,-0.324036255,1.536190288
UCSB,IZC00036971,tripartitus,island,female,0.354436754,-0.252666166,0.345229958,-0.06004426,0.143229942,0.116506033,0.110990067,0.206597888,-0.162273731,0.274870715,-0.269419105,0.394212311,-0.137141314,-0.117412101,-0.201697693,-0.232715482,-0.183354877,-0.329348939,1.654359955
UCSB,IZC00036976,tripartitus,island,female,0.35299294,-0.254734451,0.346627599,-0.07498824,0.134843453,0.117652406,0.102772915,0.213951236,-0.153992547,0.271800198,-0.275924838,0.400220974,-0.134838853,-0.113373899,-0.199063985,-0.228907259,-0.173416684,-0.331620966,1.770348581
UCSB,IZC00008140,tripartitus,mainland,female,0.337233868,-0.255182674,0.342031709,-0.067367854,0.137157901,0.118576774,0.103622788,0.220628619,-0.147920503,0.277655068,-0.274808371,0.403778689,-0.129171854,-0.120386384,-0.190098139,-0.241713109,-0.178047397,-0.335989129,1.647380041
UCSB,IZC00008436,tripartitus,mainland,female,0.328476903,-0.251869174,0.334468569,-0.065201822,0.146701024,0.119667749,0.112683285,0.207508172,-0.166796989,0.283613776,-0.269900164,0.412881122,-0.132376025,-0.124779074,-0.186554545,-0.239200502,-0.166702057,-0.342620246,1.54378115
UCSB,IZC00010805,tripartitus,mainland,female,0.336166418,-0.25760299,0.347294669,-0.073815073,0.145845853,0.120588919,0.111856946,0.209979348,-0.162922149,0.27708551,-0.283919346,0.400925408,-0.130687389,-0.118319372,-0.193413885,-0.234629687,-0.170221118,-0.324212062,1.587674199
UCSB,IZC00012006,tripartitus,mainland,female,0.342536427,-0.256386574,0.347441068,-0.07776903,0.137953443,0.122752012,0.118503245,0.205381099,-0.156708643,0.270842213,-0.294012717,0.403112052,-0.127437087,-0.114928122,-0.192028469,-0.235328878,-0.176247267,-0.317674771,1.590833681
UCSB,IZC00012007,tripartitus,mainland,female,0.339420236,-0.251337569,0.346221686,-0.07496621,0.145988269,0.10805726,0.122531551,0.19994288,-0.161498466,0.275211351,-0.300122875,0.404861704,-0.128955499,-0.10797323,-0.189723504,-0.223275505,-0.173861398,-0.330520682,1.517530139
UCSB,IZC00012008,tripartitus,mainland,female,0.367281553,-0.254516076,0.351152028,-0.07913911,0.130460395,0.103547806,0.118250818,0.195826141,-0.169750238,0.26894335,-0.292961832,0.402431764,-0.129990185,-0.10405648,-0.193193034,-0.218210784,-0.181249505,-0.314826612,1.337225617
UCSB,IZC00012012,tripartitus,mainland,female,0.337846927,-0.2491311,0.348892126,-0.066128185,0.153597899,0.121677679,0.113372294,0.21594026,-0.158831049,0.270638707,-0.273930183,0.392380482,-0.143715517,-0.112922738,-0.19729269,-0.239786776,-0.179939807,-0.332668327,1.636642646
UCSB,IZC00012014,tripartitus,mainland,female,0.331772133,-0.26110779,0.341695779,-0.079350933,0.139555248,0.112721445,0.118089944,0.211516315,-0.168958865,0.283426906,-0.288629582,0.406229007,-0.128588661,-0.111179262,-0.183197645,-0.231730941,-0.16173835,-0.330524748,1.535047798
UCSB,IZC00012018,tripartitus,mainland,female,0.329884173,-0.226652747,0.356936425,-0.079288015,0.150657317,0.114844859,0.116302766,0.207756925,-0.155777034,0.275061217,-0.282286167,0.406236893,-0.140438664,-0.132807806,-0.198123054,-0.245601344,-0.177155763,-0.319549982,1.613635951
UCSB,IZC00012019,tripartitus,mainland,female,0.341967308,-0.252011819,0.344012694,-0.060718965,0.147329753,0.125621191,0.124633228,0.212945943,-0.158744064,0.27548106,-0.274589363,0.387224996,-0.14150313,-0.118574794,-0.199346302,-0.243231423,-0.183760124,-0.326736189,1.611637817
UCSB,IZC00012020,tripartitus,mainland,female,0.327779525,-0.252586474,0.332422649,-0.063050015,0.143798908,0.127845936,0.117884261,0.220839036,-0.155970869,0.283405475,-0.268357601,0.399305328,-0.128458292,-0.126057247,-0.195537454,-0.244962804,-0.173561127,-0.344739236,1.657967778
UCSB,IZC00012024,tripartitus,mainland,female,0.337475554,-0.248776521,0.349001904,-0.076015939,0.151919879,0.116376202,0.10382184,0.21131169,-0.161353592,0.275620298,-0.28079145,0.40117966,-0.127842224,-0.114574556,-0.195754392,-0.235452871,-0.17647752,-0.329667964,1.712471958
UCSB,IZC00012026,tripartitus,mainland,female,0.344287687,-0.2378666,0.354693812,-0.063226825,0.154992087,0.107295297,0.112938836,0.198560586,-0.160572624,0.273509023,-0.281307909,0.40053307,-0.13824695,-0.120164843,-0.202989555,-0.236178841,-0.183795383,-0.322460867,1.597895751
UCSB,IZC00012030,tripartitus,mainland,female,0.33101848,-0.256553757,0.346901797,-0.077347203,0.142146376,0.1198147,0.112106371,0.211317258,-0.168267953,0.280722867,-0.279797273,0.403992959,-0.125803588,-0.116017196,-0.194170923,-0.237213744,-0.164133286,-0.328715883,1.681860722
UCSB,IZC00012031,tripartitus,mainland,female,0.337577666,-0.251545319,0.339278604,-0.063144364,0.148647285,0.116198155,0.118717292,0.211268495,-0.162093374,0.277189018,-0.278214484,0.400063948,-0.129794848,-0.118743847,-0.194730733,-0.236502352,-0.179387408,-0.334783734,1.614539967
UCSB,IZC00012032,tripartitus,mainland,female,0.339079651,-0.261616203,0.347401269,-0.075587213,0.139030944,0.108110779,0.11122694,0.215200129,-0.160874492,0.278824664,-0.29086124,0.403605064,-0.128695052,-0.117226907,-0.184644142,-0.229889753,-0.171663878,-0.321420561,1.539645119
UCSB,IZC00012037,tripartitus,mainland,female,0.343725741,-0.255627688,0.337502809,-0.081830418,0.144071507,0.108050164,0.105236936,0.203862843,-0.158913152,0.274194592,-0.296670019,0.418051993,-0.119313313,-0.110826307,-0.190025266,-0.230373217,-0.165615244,-0.325501962,1.64932766
UCSB,IZC00012038,tripartitus,mainland,female,0.351393966,-0.253414472,0.348558851,-0.076380751,0.140816025,0.116177028,0.107561927,0.205456548,-0.16656398,0.286343838,-0.277301334,0.391641137,-0.13015716,-0.114466349,-0.19670688,-0.233208477,-0.177601415,-0.322148501,1.653273719
UCSB,IZC00012043,tripartitus,mainland,female,0.337477477,-0.253813155,0.349505457,-0.068364787,0.144249262,0.1123131,0.109760873,0.216222601,-0.165448977,0.282640578,-0.272545747,0.39301206,-0.132644733,-0.111163632,-0.19437372,-0.233292125,-0.175979892,-0.337554641,1.533951459
UCSB,IZC00012048,tripartitus,mainland,female,0.340119274,-0.259081184,0.344780777,-0.074928169,0.136740163,0.131209326,0.107306462,0.215789748,-0.151925618,0.27610957,-0.277438719,0.398369106,-0.132557331,-0.120142362,-0.19468916,-0.241326538,-0.172335847,-0.325999498,1.652055453
UCSB,IZC00012049,tripartitus,mainland,female,0.32354084,-0.257130353,0.335184911,-0.064362363,0.155597038,0.115007983,0.109366144,0.223907756,-0.162782786,0.27680494,-0.275385794,0.406294118,-0.125198886,-0.11797689,-0.18863674,-0.236516086,-0.171684727,-0.346029105,1.626352917
UCSB,IZC00012055,tripartitus,mainland,female,0.336124494,-0.258082898,0.340122785,-0.076412169,0.141456664,0.111185735,0.124745928,0.205854358,-0.180865508,0.288967786,-0.284961258,0.400145124,-0.116021672,-0.110701798,-0.190942007,-0.235049306,-0.169659426,-0.325906832,1.388158029
UCSB,IZC00012056,tripartitus,mainland,female,0.341875745,-0.244361944,0.343888518,-0.070170231,0.148540716,0.120879614,0.115373158,0.208002533,-0.161371064,0.276738593,-0.2747903,0.398694795,-0.137140698,-0.12092327,-0.198447598,-0.240689765,-0.177928477,-0.328170325,1.693652452
UCSB,IZC00012060,tripartitus,mainland,female,0.337653963,-0.259653054,0.351569368,-0.061251899,0.158228564,0.113120819,0.107651056,0.206494866,-0.17310697,0.276550614,-0.276456564,0.394538995,-0.131703711,-0.107163245,-0.19692958,-0.235114723,-0.176906127,-0.327522374,1.576366925
UCSB,IZC00012188,tripartitus,mainland,female,0.346737583,-0.248315924,0.347181395,-0.078708026,0.144322893,0.117366123,0.109552873,0.206562159,-0.151058497,0.278614169,-0.289446208,0.399302647,-0.137678918,-0.116883588,-0.192048845,-0.24417173,-0.177562276,-0.31376583,1.759404814
UCSB,IZC00012190,tripartitus,mainland,female,0.33991163,-0.248350144,0.352351068,-0.074213622,0.152261643,0.107497988,0.113869237,0.209164014,-0.170580823,0.275145717,-0.283605495,0.397366677,-0.129492261,-0.108279028,-0.199253405,-0.232658212,-0.175461595,-0.32567339,1.626929664
UCSB,IZC00012196,tripartitus,mainland,unknown,0.330226276,-0.251590068,0.345149823,-0.073386192,0.139123072,0.127028718,0.096693676,0.219881217,-0.152661589,0.277861581,-0.266267198,0.406629972,-0.125635513,-0.121535774,-0.197385779,-0.242482413,-0.169242768,-0.342407042,1.690129022
UCSB,IZC00012198,tripartitus,mainland,female,0.365064846,-0.251465553,0.353295106,-0.076786265,0.129534031,0.117160005,0.100966337,0.208728477,-0.155796307,0.266801824,-0.274606726,0.39803488,-0.132810393,-0.112885558,-0.203240871,-0.225296294,-0.182406023,-0.324291516,1.56846791
UCSB,IZC00012205,tripartitus,mainland,female,0.348418101,-0.249146255,0.342506484,-0.072530278,0.14568209,0.106229069,0.113773965,0.203320089,-0.16179686,0.275787677,-0.287517102,0.406927274,-0.137128947,-0.114814121,-0.186931518,-0.229887749,-0.177006214,-0.325885706,1.622430254
UCSB,IZC00012208,tripartitus,mainland,female,0.354399068,-0.253681753,0.336395932,-0.070554046,0.146558607,0.120674457,0.113250034,0.206725027,-0.162960131,0.274982812,-0.278323092,0.398691739,-0.134522529,-0.121133283,-0.194693717,-0.229259264,-0.180104172,-0.32644569,1.565747927
UCSB,IZC00012247,tripartitus,mainland,female,0.347423673,-0.251570663,0.348303939,-0.070953727,0.140269964,0.11776367,0.112402867,0.213521743,-0.163540786,0.275073127,-0.272742439,0.396019262,-0.137122834,-0.118172333,-0.194373685,-0.238307672,-0.180620699,-0.323373408,1.651482287
UCSB,IZC00012258,tripartitus,mainland,female,0.33141425,-0.253198589,0.343452512,-0.068692162,0.148977222,0.120157335,0.11071343,0.215447088,-0.163009653,0.277789533,-0.275423509,0.401484317,-0.12768253,-0.119844774,-0.192295812,-0.238764364,-0.17614591,-0.334378383,1.653767553
UCSB,IZC00012259,tripartitus,mainland,female,0.32704007,-0.263458917,0.340226855,-0.073588477,0.139942787,0.121246507,0.115141043,0.199953363,-0.17053435,0.282948465,-0.283023933,0.415758796,-0.133487002,-0.111738483,-0.179169642,-0.238826203,-0.156135828,-0.332295052,1.507284541
UCSB,IZC00012275,tripartitus,mainland,female,0.333019639,-0.254024892,0.345641314,-0.078765067,0.139140807,0.110444679,0.098594837,0.221438879,-0.148460351,0.280149591,-0.283610853,0.408650571,-0.131163224,-0.11556256,-0.186109832,-0.238309417,-0.167052337,-0.334021782,1.647588444
UCSB,IZC00012277,tripartitus,mainland,female,0.350977144,-0.253497875,0.348959658,-0.064631587,0.141217786,0.121736565,0.111842206,0.205242771,-0.153211317,0.271893862,-0.278221353,0.396523183,-0.142133917,-0.115767013,-0.199153522,-0.245592375,-0.180276686,-0.315907531,1.704478798
UCSB,IZC00012288,tripartitus,mainland,female,0.340547401,-0.257874897,0.336679411,-0.070472702,0.142475305,0.120678506,0.118212484,0.211039855,-0.158379874,0.270810014,-0.284487634,0.407696305,-0.133528776,-0.116655055,-0.193065278,-0.239246832,-0.16845304,-0.325975193,1.593057219
UCSB,IZC00012295,tripartitus,mainland,female,0.338391524,-0.255968346,0.344773536,-0.073585551,0.140034214,0.12164114,0.102030734,0.217211888,-0.145996149,0.27920426,-0.281097687,0.401052059,-0.132910106,-0.120677724,-0.194387723,-0.240054326,-0.170838343,-0.328823401,1.637148399
UCSB,IZC00012304,tripartitus,mainland,female,0.328861308,-0.257830701,0.337105062,-0.074945178,0.140780785,0.121262831,0.127977806,0.206474486,-0.171395419,0.284665549,-0.288220705,0.40599907,-0.120871101,-0.122151518,-0.183278971,-0.235481143,-0.170958765,-0.327993396,1.598396279
UCSB,IZC00012310,tripartitus,mainland,female,0.3568433,-0.258700074,0.352705529,-0.076406598,0.134930354,0.11823539,0.109017124,0.205917528,-0.166903237,0.271053559,-0.279183094,0.396172421,-0.131234062,-0.109953584,-0.201000265,-0.227340182,-0.175175649,-0.318978461,1.46886593
UCSB,IZC00012311,tripartitus,mainland,female,0.355814332,-0.254426231,0.350034549,-0.07195817,0.14768346,0.120296161,0.111136357,0.207631695,-0.168140702,0.273589285,-0.277762373,0.386873876,-0.131534751,-0.111190354,-0.196966253,-0.230625861,-0.19026462,-0.320190401,1.56655626
UCSB,IZC00012334,tripartitus,mainland,female,0.331383104,-0.271989888,0.345498719,-0.063593616,0.145917679,0.121559848,0.107417012,0.212054941,-0.159777076,0.282150047,-0.284948067,0.397384783,-0.126244955,-0.112619373,-0.185837483,-0.238339185,-0.173408933,-0.326607558,1.580581206
UCSB,IZC00012335,tripartitus,mainland,female,0.342778361,-0.252729121,0.358371841,-0.072159243,0.143591291,0.114318552,0.096436659,0.21634287,-0.158135374,0.26632674,-0.272348655,0.402129073,-0.141910586,-0.112908811,-0.193782678,-0.227376718,-0.175000859,-0.333943343,1.728689478
UCSB,IZC00012341,tripartitus,mainland,female,0.348369045,-0.257225904,0.345475,-0.074099835,0.143766119,0.114521956,0.106423073,0.203099162,-0.161983698,0.282140164,-0.286144233,0.39699431,-0.125042099,-0.108851186,-0.191956563,-0.226380889,-0.178906645,-0.330197778,1.552277054
UCSB,IZC00012342,tripartitus,mainland,female,0.314283067,-0.231421941,0.350537703,-0.079409474,0.150359716,0.10432853,0.131062167,0.204689146,-0.17256335,0.284911623,-0.290515161,0.411930638,-0.126370455,-0.123080048,-0.184214638,-0.235936934,-0.172579049,-0.336011538,1.555870965
UCSB,IZC00012344,tripartitus,mainland,female,0.346678009,-0.252226026,0.336929229,-0.063228329,0.138406585,0.119628413,0.111422844,0.208284912,-0.155760835,0.279566684,-0.271118714,0.402808115,-0.134020809,-0.120308687,-0.195922555,-0.239555727,-0.176613754,-0.334969355,1.616699175
UCSB,IZC00012345,tripartitus,mainland,female,0.349660034,-0.253548051,0.342514395,-0.066463317,0.145093471,0.123539024,0.11309386,0.214179187,-0.159758778,0.275123368,-0.271515828,0.390359821,-0.135701301,-0.115894031,-0.201067785,-0.241767735,-0.182318069,-0.325528265,1.721884918
UCSB,IZC00012347,tripartitus,mainland,female,0.340852099,-0.257681553,0.353198595,-0.066531039,0.143218303,0.114765535,0.114667789,0.199709979,-0.166824224,0.275538216,-0.286277968,0.401001221,-0.130483826,-0.115928171,-0.186690532,-0.221770922,-0.181660236,-0.329103267,1.592978066
UCSB,IZC00012348,tripartitus,mainland,female,0.356230169,-0.248897034,0.351437755,-0.068311015,0.152750251,0.114305165,0.106900834,0.205052734,-0.166550232,0.27143291,-0.275612743,0.392930848,-0.137211098,-0.120036005,-0.205182624,-0.226317386,-0.182762312,-0.320160217,1.750282074
UCSB,IZC00012350,tripartitus,mainland,female,0.336710556,-0.262071446,0.332295103,-0.061775316,0.148441606,0.127658116,0.112079404,0.209782973,-0.152063918,0.279968103,-0.279129482,0.401551352,-0.13631538,-0.120482297,-0.195887945,-0.23927276,-0.166129944,-0.335358724,1.744026529
UCSB,IZC00012353,tripartitus,mainland,female,0.354581288,-0.250434999,0.346140452,-0.068661084,0.135736783,0.119615368,0.108896616,0.211620833,-0.163371132,0.27740252,-0.262245829,0.393899412,-0.140893545,-0.114324177,-0.202925739,-0.240295504,-0.175918893,-0.328822368,1.679538179
UCSB,IZC00012354,tripartitus,mainland,female,0.329902075,-0.257712166,0.345352735,-0.075397687,0.143918818,0.116229756,0.113757705,0.21282486,-0.161720988,0.278023096,-0.2896663,0.405501739,-0.121477926,-0.116346157,-0.187585521,-0.235493199,-0.172480598,-0.327630242,1.535866856
UCSB,IZC00012357,tripartitus,mainland,female,0.324529231,-0.253770541,0.345311605,-0.069959209,0.153418189,0.12147917,0.121276633,0.214909972,-0.174682097,0.275215006,-0.276706181,0.399545447,-0.124871025,-0.11698378,-0.200079169,-0.234959996,-0.168197187,-0.335476069,1.620834482
UCSB,IZC00012421,tripartitus,mainland,female,0.333258943,-0.25071765,0.345237198,-0.0820367,0.143413423,0.120024792,0.0983385,0.222208456,-0.152740121,0.280478222,-0.277484943,0.405739943,-0.133975466,-0.128169994,-0.185398417,-0.237248434,-0.170649118,-0.330278635,1.513475202
UCSB,IZC00012423,tripartitus,mainland,female,0.338736613,-0.248387118,0.357128608,-0.07550883,0.149808904,0.109253515,0.114126844,0.211613939,-0.178326182,0.277509612,-0.277797547,0.392408008,-0.125588611,-0.111393025,-0.195594618,-0.226786175,-0.182494011,-0.328709926,1.535948527
UCSB,IZC00012424,tripartitus,mainland,female,0.342916176,-0.255500654,0.33827693,-0.065370023,0.140111063,0.123876734,0.108745519,0.211466641,-0.15654776,0.278731535,-0.268469203,0.402672559,-0.141026072,-0.119765059,-0.193859818,-0.242474812,-0.170146836,-0.333636921,1.634615208
UCSB,IZC00012439,tripartitus,mainland,female,0.342130784,-0.248088806,0.345436908,-0.071703167,0.139588988,0.12502499,0.11797777,0.201496706,-0.162592697,0.282577558,-0.275713933,0.398476201,-0.138500503,-0.120917554,-0.19076659,-0.237941882,-0.177560726,-0.328924045,1.559397324
UCSB,IZC00012441,tripartitus,mainland,female,0.328402055,-0.26191411,0.353113136,-0.067790939,0.149464621,0.111883772,0.104648806,0.203304122,-0.168539661,0.280261769,-0.285011102,0.407333941,-0.128683288,-0.111884643,-0.182696466,-0.231536501,-0.170698101,-0.329657412,1.619849412
UCSB,IZC00012443,tripartitus,mainland,female,0.357369735,-0.247761527,0.347122428,-0.06942963,0.146257138,0.116658264,0.10888427,0.208290911,-0.162171661,0.280243219,-0.27005659,0.387521285,-0.14477288,-0.117150238,-0.201387696,-0.232322955,-0.181244745,-0.326049331,1.718319577
UCSB,IZC00012451,tripartitus,mainland,female,0.34632023,-0.26245654,0.341931505,-0.060860365,0.143552812,0.11203493,0.112931885,0.2012633,-0.167784498,0.278915624,-0.278403741,0.40184259,-0.134533406,-0.108617329,-0.193141303,-0.228465224,-0.170873482,-0.333656985,1.477152282
UCSB,IZC00012456,tripartitus,mainland,unknown,0.33726317,-0.252813528,0.343817475,-0.071655792,0.147072494,0.117635634,0.108583093,0.207503269,-0.16110759,0.281675789,-0.278067333,0.403720199,-0.139099794,-0.117862003,-0.190741141,-0.239205206,-0.167720373,-0.328998362,1.696092502
UCSB,IZC00012460,tripartitus,mainland,female,0.350361496,-0.255285438,0.347026944,-0.071326705,0.144101125,0.114363961,0.110083259,0.200580065,-0.172042806,0.279869848,-0.279685716,0.399102177,-0.127257869,-0.114633269,-0.187131288,-0.230345875,-0.185455145,-0.322324765,1.468159912
UCSB,IZC00012463,tripartitus,mainland,female,0.340393482,-0.259261681,0.35306794,-0.073063915,0.160073871,0.12776524,0.140045066,0.214456301,-0.16926514,0.265263991,-0.299111729,0.372099364,-0.13701351,-0.105430127,-0.202192833,-0.227385404,-0.185997147,-0.31444377,1.518561201
UCSB,IZC00012472,tripartitus,mainland,female,0.332723595,-0.258315352,0.344773524,-0.068271866,0.142486253,0.110568126,0.112845222,0.206363558,-0.163007518,0.283708879,-0.287239061,0.405346456,-0.124052641,-0.113609923,-0.182112428,-0.231293792,-0.176416945,-0.334496087,1.501696833
UCSB,IZC00012477,tripartitus,mainland,female,0.335071654,-0.249832869,0.357665818,-0.068392401,0.152682721,0.110199204,0.109676516,0.209153271,-0.170647014,0.276741023,-0.277974351,0.395777629,-0.130303532,-0.115339843,-0.198361127,-0.226955282,-0.177810685,-0.331350732,1.648791904
UCSB,IZC00012480,tripartitus,mainland,female,0.342744872,-0.249848463,0.339849308,-0.065512671,0.152613417,0.115927829,0.110497619,0.209518242,-0.158868138,0.275679701,-0.27660699,0.401953465,-0.136718172,-0.1216004,-0.204134869,-0.23605879,-0.169377048,-0.330058914,1.635219702
UCSB,IZC00014644,tripartitus,mainland,female,0.330466281,-0.260142191,0.350041319,-0.068799428,0.153349209,0.112866975,0.098165892,0.216420614,-0.168006283,0.271459121,-0.275007441,0.409037461,-0.130440834,-0.115999439,-0.191771272,-0.23543239,-0.166796871,-0.329410724,1.548634694
UCSB,IZC00014900,tripartitus,mainland,unknown,0.338474467,-0.263398597,0.349056875,-0.07055934,0.15224876,0.118826429,0.103877849,0.21262791,-0.166690268,0.274641286,-0.27888018,0.398176667,-0.137828328,-0.111935357,-0.190022838,-0.232543499,-0.170236337,-0.3258355,1.665289712
UCSB,IZC00014942,tripartitus,mainland,unknown,0.331896473,-0.255458215,0.343890135,-0.07032921,0.150706119,0.120751773,0.106873053,0.208138363,-0.162570815,0.282195244,-0.278250575,0.404786392,-0.134570615,-0.122691538,-0.190975934,-0.240291201,-0.166997841,-0.327101608,1.735652481
UCSB,IZC00014982,tripartitus,mainland,unknown,0.341403675,-0.246946397,0.351147405,-0.068329563,0.142974773,0.123388591,0.110407896,0.201782451,-0.165016475,0.28242386,-0.26920334,0.396140944,-0.134277157,-0.117390341,-0.197879034,-0.242728888,-0.179557743,-0.328340658,1.647396424
UCSB,IZC00015024,tripartitus,mainland,female,0.331206382,-0.253400612,0.349175854,-0.066033769,0.155940091,0.108355203,0.102419486,0.202820782,-0.154612829,0.276379565,-0.293612691,0.410991371,-0.128336901,-0.122587117,-0.184317239,-0.223513347,-0.177862153,-0.333012076,1.54142306
UCSB,IZC00015026,tripartitus,mainland,unknown,0.337133462,-0.24921695,0.346899422,-0.0743908,0.13724765,0.111816401,0.113405957,0.212289622,-0.159160271,0.273685281,-0.281238237,0.412064037,-0.135712928,-0.122174518,-0.188087997,-0.240498725,-0.170487059,-0.323574347,1.713869415
UCSB,IZC00015151,tripartitus,mainland,female,0.343566466,-0.257760316,0.349450851,-0.072152236,0.15487871,0.11921788,0.102256493,0.200432659,-0.173029818,0.279792824,-0.277926409,0.397684671,-0.132665324,-0.113262767,-0.191118821,-0.225087204,-0.175412148,-0.328865511,1.604071546
UCSB,IZC00015171,tripartitus,mainland,female,0.330961195,-0.232700935,0.364092442,-0.072841343,0.157255195,0.10472359,0.109927132,0.201103658,-0.169678716,0.275119584,-0.280824228,0.403967984,-0.132454264,-0.117340343,-0.19733192,-0.236939286,-0.181946836,-0.325092907,1.488417904
UCSB,IZC00015180,tripartitus,mainland,female,0.328509353,-0.260667092,0.342770548,-0.072212964,0.153535318,0.12290472,0.10793731,0.213139179,-0.163604853,0.272263227,-0.284756353,0.40738466,-0.124249704,-0.119430631,-0.191583894,-0.232758443,-0.168557724,-0.330622655,1.580131139
UCSB,IZC00015229,tripartitus,mainland,female,0.335182442,-0.256229418,0.342481309,-0.074420935,0.131144593,0.125587712,0.105943138,0.207010674,-0.148589255,0.279903976,-0.280471477,0.414169975,-0.13710916,-0.12470985,-0.183449291,-0.241651097,-0.1651323,-0.329661038,1.706595602
UCSB,IZC00022211,tripartitus,mainland,female,0.358407425,-0.262478029,0.346773629,-0.082320059,0.136039715,0.113983594,0.102941649,0.208576478,-0.169293833,0.27719,-0.279968299,0.400881827,-0.134974984,-0.114658166,-0.192217423,-0.226807586,-0.167707881,-0.314368058,1.496393898
UCSB,IZC00022218,tripartitus,mainland,female,0.337596226,-0.248551759,0.339287441,-0.062149203,0.15102601,0.115622343,0.117320899,0.205685495,-0.1616568,0.277258337,-0.277895508,0.402591221,-0.130675511,-0.113122168,-0.197450196,-0.243698359,-0.177552561,-0.333635907,1.684526724
UCSB,IZC00022219,tripartitus,mainland,female,0.335036929,-0.252518055,0.348194809,-0.071227403,0.146889398,0.111833457,0.116481003,0.203994754,-0.168923553,0.282768206,-0.284631216,0.403742213,-0.131994804,-0.123610586,-0.190184653,-0.231361031,-0.170867914,-0.323621554,1.591261895
UCSB,IZC00035287,tripartitus,mainland,female,0.338575285,-0.248159886,0.353895342,-0.066107751,0.151136256,0.111826356,0.106514025,0.212260648,-0.164487315,0.280837401,-0.2719264,0.39116933,-0.133284207,-0.114200692,-0.2018428,-0.230569135,-0.178580187,-0.337056271,1.655592626
UCSB,IZC00012318,tripartitus,mainland,female,0.34614972,-0.262018608,0.346339876,-0.07516882,0.141920846,0.112734745,0.110727249,0.203233907,-0.170747653,0.270308157,-0.288554858,0.409499578,-0.127175779,-0.114438997,-0.185619367,-0.218385297,-0.173040033,-0.325764663,1.340150513
UCSB,IZC00020055,tripartitus,mainland,female,0.340568056,-0.255624331,0.342636394,-0.077205953,0.137326361,0.118179446,0.11284847,0.20586402,-0.15215735,0.278124471,-0.292680845,0.407209367,-0.127583494,-0.115460424,-0.190917036,-0.238542505,-0.170040556,-0.322544092,1.597050759
UCSB,IZC00021378,tripartitus,mainland,female,0.338178281,-0.256594069,0.345822665,-0.073883728,0.1350821,0.121552064,0.113600294,0.20858327,-0.159558405,0.284609917,-0.280301031,0.400916295,-0.133505431,-0.122016597,-0.188608318,-0.238143044,-0.170710155,-0.325024109,1.621634745
UCSB,IZC00021402,tripartitus,mainland,female,0.329757274,-0.225013885,0.358662682,-0.073137256,0.152491131,0.115515548,0.119019817,0.207912785,-0.159613515,0.27837761,-0.275416629,0.396036766,-0.135502115,-0.123763567,-0.204849353,-0.249079491,-0.184549292,-0.326848509,1.671524719
UCSB,IZC00026445,tripartitus,mainland,female,0.342075713,-0.255778299,0.341074425,-0.065334573,0.146106125,0.124285062,0.097599456,0.211345448,-0.156314398,0.280522873,-0.266541753,0.402417512,-0.137781358,-0.122353281,-0.189692354,-0.243148276,-0.176525856,-0.331956466,1.651503517
UCSB,IZC00028329,tripartitus,mainland,female,0.332087233,-0.2545478,0.338072511,-0.07212968,0.141343197,0.122941349,0.11397813,0.203893662,-0.156543195,0.277057163,-0.285458115,0.41161453,-0.121144731,-0.107849822,-0.194847557,-0.250013985,-0.167487473,-0.330965417,1.784050024
UCSB,IZC00028368,tripartitus,mainland,female,0.33505484,-0.25198423,0.339119646,-0.073469849,0.143139651,0.115875774,0.112999739,0.208147717,-0.159505938,0.281970712,-0.283022515,0.408323563,-0.131219764,-0.117256446,-0.186217235,-0.239544964,-0.170348424,-0.332062277,1.667231542
UCSB,IZC00028538,tripartitus,mainland,female,0.339794223,-0.253206392,0.342215633,-0.06887552,0.140469274,0.111553695,0.108849852,0.210734099,-0.160199196,0.280111393,-0.277055152,0.406749273,-0.132470834,-0.115316277,-0.186780306,-0.239706025,-0.174823495,-0.332044245,1.807794588
UCSB,IZC00028900,tripartitus,mainland,female,0.341198299,-0.252879431,0.342816057,-0.073616617,0.143779527,0.105747567,0.107674168,0.210671379,-0.169334238,0.277013407,-0.279271932,0.412530187,-0.126756677,-0.12125593,-0.190469846,-0.233266145,-0.169635358,-0.324944417,1.665832374
UCSB,IZC00030018,tripartitus,mainland,female,0.341523088,-0.246075274,0.342642387,-0.072854697,0.134155418,0.122608566,0.111211039,0.212488943,-0.153185812,0.280855528,-0.270394139,0.401856394,-0.136604015,-0.119436814,-0.196118982,-0.246584825,-0.173228987,-0.332857821,1.710971715
UCSB,IZC00030022,tripartitus,mainland,female,0.333033665,-0.263291963,0.335414816,-0.078853173,0.137998508,0.118822584,0.108846023,0.219599017,-0.160093923,0.283588218,-0.283971968,0.408064083,-0.122450373,-0.121731768,-0.183219731,-0.236311669,-0.165557017,-0.32988533,1.545089658
UCSB,IZC00030025,tripartitus,mainland,female,0.342431869,-0.248430872,0.345331481,-0.069353295,0.145993122,0.116315734,0.111017959,0.209761032,-0.166472273,0.280595381,-0.270714598,0.398382672,-0.13643659,-0.117944458,-0.191483611,-0.239786405,-0.179667358,-0.32953979,1.752544757
UCSB,IZC00030060,tripartitus,mainland,female,0.315241947,-0.254509974,0.334529767,-0.076201617,0.145912246,0.128208903,0.123602479,0.214905174,-0.164861408,0.280505394,-0.282770208,0.411845614,-0.125949179,-0.11957883,-0.18048143,-0.248771283,-0.165224214,-0.336403381,1.655845394
UCSB,IZC00030073,tripartitus,mainland,female,0.324499262,-0.254518131,0.35171053,-0.067430809,0.147879251,0.126501047,0.110842421,0.217933184,-0.169039791,0.284038011,-0.263320487,0.39523844,-0.141518212,-0.128695278,-0.195486665,-0.242728806,-0.16556631,-0.330337659,1.619974581
UCSB,IZC00030096,tripartitus,mainland,female,0.348759063,-0.254177238,0.348807667,-0.069663989,0.148090254,0.119066864,0.113440505,0.209895527,-0.163342891,0.270924474,-0.278714644,0.392457816,-0.137683743,-0.109378285,-0.200608985,-0.23778674,-0.178747227,-0.32133843,1.777851847
UCSB,IZC00030113,tripartitus,mainland,female,0.3460467,-0.24564003,0.354353972,-0.0689339,0.139897152,0.11378524,0.110648904,0.21011498,-0.14939613,0.277289075,-0.280706769,0.394069604,-0.138864208,-0.11931572,-0.202220234,-0.237917994,-0.179759386,-0.323451257,1.663322643
UCSB,IZC00030127,tripartitus,mainland,female,0.353619417,-0.244949556,0.346378232,-0.070803731,0.143647582,0.117399221,0.122252843,0.199129713,-0.162124471,0.273533627,-0.283057596,0.394275665,-0.136938269,-0.110288606,-0.200812819,-0.231177125,-0.182964919,-0.327119209,1.63577557
UCSB,IZC00030140,tripartitus,mainland,female,0.34863313,-0.256381147,0.34063787,-0.06912671,0.137542883,0.126716716,0.104738614,0.21688309,-0.14428025,0.269980311,-0.275207264,0.401950953,-0.140837048,-0.12236779,-0.198406855,-0.241937343,-0.172821079,-0.325718079,1.7070227
UCSB,IZC00030158,tripartitus,mainland,female,0.337576203,-0.257386767,0.330728649,-0.07399851,0.140099905,0.123702818,0.113803772,0.211455226,-0.148673351,0.28433672,-0.288492968,0.405322147,-0.127207528,-0.121117081,-0.185009764,-0.242153659,-0.172824919,-0.330160894,1.65766317
UCSB,IZC00030166,tripartitus,mainland,female,0.342595721,-0.253810569,0.339320951,-0.075746868,0.133458396,0.11736471,0.106910054,0.206934077,-0.147749135,0.283621422,-0.287459218,0.407669957,-0.124322092,-0.11558445,-0.187573759,-0.242371807,-0.175180918,-0.328076471,1.643705331
UCSB,IZC00030174,tripartitus,mainland,female,0.32163298,-0.260977776,0.331110082,-0.079823122,0.142300081,0.12733317,0.119862442,0.206927231,-0.167640736,0.281896104,-0.287869749,0.418693511,-0.122769583,-0.121386507,-0.179635057,-0.240229659,-0.15699046,-0.332432951,1.399001273
UCSB,IZC00030209,tripartitus,mainland,female,0.317231269,-0.253740263,0.336993156,-0.074848346,0.146960098,0.131131968,0.120473983,0.207322621,-0.167857194,0.283772456,-0.279780567,0.409403539,-0.121878184,-0.11656748,-0.185793941,-0.250027954,-0.166348619,-0.33644654,1.708484478
UCSB,IZC00030248,tripartitus,mainland,female,0.333446405,-0.265440546,0.335944373,-0.077432214,0.143298359,0.120681655,0.105925965,0.217799173,-0.161199602,0.281908239,-0.286141944,0.40772438,-0.119153644,-0.121475226,-0.17841495,-0.241234092,-0.173704961,-0.322531369,1.587022244
UCSB,IZC00030265,tripartitus,mainland,female,0.336583751,-0.251674105,0.350691234,-0.071255329,0.146099717,0.120577651,0.116538067,0.204584916,-0.163481938,0.276327833,-0.282578945,0.400388346,-0.136828548,-0.120380713,-0.194747625,-0.233878341,-0.172275714,-0.324690257,1.672970063
UCSB,IZC00030277,tripartitus,mainland,female,0.336946205,-0.256764823,0.343926245,-0.076779582,0.132304876,0.125994645,0.108052608,0.218388186,-0.156861178,0.277438672,-0.272285882,0.404382002,-0.134865165,-0.119181175,-0.188942765,-0.24220203,-0.168274945,-0.331275894,1.71364329
UCSB,IZC00030303,tripartitus,mainland,female,0.347380877,-0.250607045,0.348944316,-0.074978585,0.144772382,0.120885188,0.114370449,0.205033311,-0.161394093,0.273427867,-0.282944898,0.396413255,-0.135238722,-0.113689239,-0.199625725,-0.234615612,-0.176264587,-0.32186914,1.698843885
UCSB,IZC00030326,tripartitus,mainland,female,0.342958256,-0.256540392,0.33249841,-0.068204824,0.151133134,0.1166453,0.105795236,0.214300328,-0.159272647,0.27708006,-0.277855104,0.406124632,-0.127884084,-0.120519644,-0.194149649,-0.242589529,-0.173223552,-0.326295931,1.677063479
UCSB,IZC00030330,tripartitus,mainland,female,0.339486283,-0.259813952,0.348201835,-0.069106759,0.141921887,0.12213891,0.087940946,0.221814727,-0.150965603,0.281148478,-0.265725594,0.399139347,-0.135595013,-0.123408816,-0.193639505,-0.23889486,-0.171625235,-0.333017075,1.662092182
UCSB,IZC00030349,tripartitus,mainland,female,0.349557494,-0.253451946,0.357506833,-0.081753989,0.14230422,0.118883508,0.096866077,0.212990028,-0.15229576,0.267044664,-0.286009014,0.399755579,-0.131001819,-0.115848309,-0.198287843,-0.233827925,-0.178640187,-0.313791609,1.60330267
UCSB,IZC00030351,tripartitus,mainland,female,0.330614337,-0.251726736,0.344960868,-0.075453568,0.14753932,0.124351527,0.108958067,0.214253125,-0.160704493,0.281261666,-0.277699911,0.39979599,-0.127728657,-0.12164181,-0.193621465,-0.236625124,-0.172318067,-0.334215069,1.646027458
UCSB,IZC00030355,tripartitus,mainland,female,0.32635161,-0.257339413,0.341426887,-0.074789526,0.142962405,0.126500771,0.112580421,0.216321761,-0.152338535,0.280232623,-0.285856789,0.405246338,-0.127647439,-0.126608929,-0.190507572,-0.243341183,-0.166970989,-0.326222442,1.697427263
UCSB,IZC00030373,tripartitus,mainland,female,0.329641532,-0.254213562,0.333789676,-0.075660175,0.141224699,0.116167788,0.109112517,0.218614909,-0.154310531,0.282832348,-0.282853419,0.41303244,-0.123958898,-0.123806781,-0.184649979,-0.247164116,-0.167995597,-0.329802851,1.678635212
UCSB,IZC00030379,tripartitus,mainland,female,0.331754589,-0.233378305,0.363678439,-0.085732691,0.147868111,0.107749094,0.109860393,0.214955785,-0.159541447,0.273438725,-0.2860257,0.401307492,-0.13228198,-0.117475369,-0.196321461,-0.240582144,-0.178990944,-0.320282587,1.557978438
UCSB,IZC00030381,tripartitus,mainland,female,0.343168156,-0.252202812,0.343254776,-0.069805861,0.147377898,0.1174961,0.114741011,0.215359808,-0.160263812,0.273504464,-0.278105239,0.397140943,-0.13845901,-0.117968068,-0.195392587,-0.235239653,-0.176321193,-0.32828492,1.68477749
UCSB,IZC00030392,tripartitus,mainland,female,0.318954499,-0.244865898,0.329702552,-0.066566698,0.147982462,0.135648812,0.11784233,0.213282412,-0.148199077,0.285907844,-0.272295655,0.408077817,-0.136741715,-0.131070657,-0.183506693,-0.259319685,-0.173738703,-0.341093947,1.71105383
UCSB,IZC00030405,tripartitus,mainland,female,0.328577093,-0.248734003,0.338217242,-0.068470835,0.142899855,0.120819665,0.112399017,0.211838719,-0.161248131,0.286224875,-0.270149219,0.407065606,-0.129916991,-0.122457398,-0.190260364,-0.251029325,-0.170518503,-0.335257303,1.657168865
UCSB,IZC00030428,tripartitus,mainland,female,0.33754891,-0.248864517,0.34467576,-0.066744126,0.145009919,0.119793023,0.117441088,0.207884049,-0.14796782,0.271795346,-0.286994926,0.399862481,-0.133447088,-0.106748673,-0.197439074,-0.24155804,-0.178826768,-0.335419543,1.502388514
UCSB,IZC00030439,tripartitus,mainland,female,0.340798371,-0.260546336,0.339853072,-0.065934198,0.136796052,0.131804115,0.116672662,0.212623262,-0.167177111,0.279600107,-0.262346027,0.397331959,-0.142805592,-0.121851209,-0.196537488,-0.242099434,-0.165253939,-0.330928266,1.525414068
UCSB,IZC00030444,tripartitus,mainland,female,0.353434209,-0.248678078,0.354964191,-0.063582122,0.143284793,0.116824409,0.096885387,0.208906002,-0.149448664,0.271480211,-0.271795543,0.397059237,-0.139193504,-0.123529237,-0.20165725,-0.237114476,-0.186473619,-0.321365945,1.675398763
UCSB,IZC00030461,tripartitus,mainland,female,0.326170032,-0.258958496,0.344044048,-0.073031766,0.131752928,0.127701542,0.104478128,0.224990673,-0.145801882,0.28287468,-0.273902737,0.403953553,-0.131069244,-0.126514702,-0.191115158,-0.246966458,-0.164556116,-0.334049026,1.724969975
UCSB,IZC00030468,tripartitus,mainland,female,0.346980995,-0.24566423,0.349505364,-0.067063032,0.145615236,0.116639584,0.108795279,0.211221285,-0.159166705,0.271118468,-0.270221785,0.397124689,-0.138653484,-0.112999483,-0.203045196,-0.240280165,-0.179809704,-0.330097116,1.675277073
UCSB,IZC00030472,tripartitus,mainland,female,0.344192922,-0.250450464,0.349238751,-0.073401363,0.144653077,0.118373462,0.106721216,0.20973976,-0.15813806,0.280087971,-0.279366615,0.395785981,-0.130874496,-0.120983689,-0.19798524,-0.234538623,-0.178441555,-0.324613035,1.577131969
UCSB,IZC00030486,tripartitus,mainland,female,0.338359828,-0.249435797,0.344736158,-0.071552604,0.148840273,0.114060339,0.10547788,0.214320842,-0.152931647,0.281082982,-0.282623229,0.400115257,-0.130065299,-0.125585026,-0.195481288,-0.233791309,-0.176312675,-0.329214685,1.676138775
UCSB,IZC00030496,tripartitus,mainland,female,0.339392792,-0.252585183,0.349655666,-0.068560306,0.144623447,0.126880418,0.116681499,0.218372842,-0.159747721,0.270319234,-0.273529798,0.392811006,-0.139475169,-0.123591442,-0.195950337,-0.239807245,-0.181650379,-0.323839324,1.682330006
UCSB,IZC00030503,tripartitus,mainland,female,0.325072824,-0.253552829,0.333037891,-0.067078308,0.144409622,0.12664287,0.112951765,0.215671824,-0.153908429,0.284584037,-0.273637821,0.408190548,-0.133444608,-0.127966163,-0.18754991,-0.248308359,-0.166931335,-0.338183619,1.695421375
UCSB,IZC00030505,tripartitus,mainland,female,0.34763456,-0.246053904,0.346426095,-0.072360673,0.140266298,0.118895966,0.101024258,0.215906863,-0.155590619,0.277748993,-0.264915263,0.398396689,-0.140682868,-0.119668812,-0.197853432,-0.238226792,-0.176309028,-0.334638331,1.642011029
UCSB,IZC00030508,tripartitus,mainland,female,0.337950313,-0.247114511,0.346935676,-0.066298895,0.153785557,0.120179426,0.122753902,0.205639904,-0.156739959,0.275960343,-0.286745442,0.394381069,-0.139611606,-0.121509456,-0.20116938,-0.241471882,-0.177159062,-0.319765999,1.639066438
UCSB,IZC00030520,tripartitus,mainland,female,0.348643531,-0.252577564,0.353470903,-0.072640606,0.139368685,0.106112273,0.099778774,0.209558585,-0.15627039,0.272919268,-0.279780057,0.406862729,-0.138261338,-0.108886122,-0.194971074,-0.24858316,-0.171979036,-0.312765403,1.666841435
UCSB,IZC00030540,tripartitus,mainland,female,0.355499864,-0.244104894,0.347912727,-0.070067376,0.141705556,0.115446123,0.105529327,0.207363935,-0.155994761,0.275621145,-0.270676798,0.395982223,-0.142377162,-0.112203018,-0.198119233,-0.240295554,-0.18347952,-0.327742583,1.606806689
UCSB,IZC00030912,tripartitus,mainland,female,0.327729868,-0.248884045,0.347726925,-0.063265627,0.146279076,0.126801841,0.118267052,0.216693502,-0.159138241,0.273941176,-0.267959024,0.39776523,-0.140399306,-0.120988951,-0.202068739,-0.246138817,-0.170437609,-0.33592431,1.603711101
UCSB,IZC00031075,tripartitus,mainland,female,0.351300936,-0.253421387,0.344487561,-0.065427305,0.142445396,0.115769686,0.117337292,0.206200545,-0.164478723,0.275504781,-0.276282941,0.395046996,-0.136417486,-0.114979598,-0.201740553,-0.230517599,-0.176651484,-0.328176118,1.617822625
UCSB,IZC00033295,tripartitus,mainland,female,0.345636782,-0.247405893,0.34045443,-0.067660002,0.151592324,0.110457765,0.113463235,0.198564801,-0.171929178,0.281872638,-0.275518389,0.404225466,-0.137254832,-0.113910317,-0.191158743,-0.236591486,-0.175285629,-0.329552972,1.561855207
UCSB,IZC00034049,tripartitus,mainland,female,0.332100876,-0.246686672,0.351100387,-0.063735401,0.146145612,0.116439724,0.111211528,0.21842061,-0.158279357,0.274810685,-0.269135715,0.398532897,-0.136190352,-0.120212725,-0.20072432,-0.243997173,-0.17622866,-0.333571946,1.803399073
UCSB,IZC00034080,tripartitus,mainland,female,0.359310051,-0.252929588,0.349197564,-0.078033627,0.141060557,0.107335838,0.100727778,0.207838327,-0.166803746,0.276138197,-0.277827398,0.398805033,-0.1318851,-0.109839578,-0.195235352,-0.226777576,-0.178544353,-0.322537026,1.467082641
UCSB,IZC00034598,tripartitus,mainland,female,0.341147018,-0.252947779,0.34479406,-0.06432535,0.142363379,0.128605182,0.114118843,0.213570681,-0.159919224,0.269392173,-0.266863323,0.399281162,-0.139681805,-0.119387213,-0.200421308,-0.246422882,-0.175537639,-0.327765974,1.663996871
UCSB,IZC00034772,tripartitus,mainland,female,0.348750063,-0.254505811,0.35591799,-0.066552069,0.15489708,0.124101757,0.122678801,0.217902435,-0.162646671,0.260902797,-0.281325428,0.377451181,-0.143142575,-0.109855636,-0.208659894,-0.225856437,-0.186469367,-0.323588218,1.689187898
UCSB,IZC00035244,tripartitus,mainland,female,0.338792123,-0.244179162,0.348817661,-0.059938265,0.153760528,0.114206478,0.107626519,0.210628363,-0.157725918,0.269876258,-0.271555393,0.401622339,-0.137163614,-0.119804668,-0.200629899,-0.234819043,-0.181922008,-0.337592301,1.72319289
UCSB,IZC00035279,tripartitus,mainland,female,0.337675165,-0.253583966,0.342790698,-0.06005939,0.141974305,0.116084995,0.112276411,0.213699844,-0.158258054,0.283829212,-0.267868177,0.396156821,-0.138882784,-0.115029585,-0.199700965,-0.241741853,-0.170006598,-0.339356079,1.670881407
UCSB,IZC00035316,tripartitus,mainland,female,0.339084564,-0.256455693,0.334500969,-0.064796317,0.15458771,0.106699873,0.120158233,0.209746977,-0.169241594,0.282718634,-0.283917406,0.399835545,-0.13572457,-0.116008453,-0.189144707,-0.221174838,-0.170303198,-0.340565728,1.456343313
UCSB,IZC00035317,tripartitus,mainland,female,0.332575496,-0.249548656,0.347679924,-0.068780114,0.14737257,0.110112985,0.104107713,0.207440726,-0.152958451,0.281457198,-0.284651404,0.408041415,-0.129924942,-0.11917356,-0.192747548,-0.238874749,-0.171453358,-0.330675244,1.661772629
UCSB,IZC00035322,tripartitus,mainland,female,0.345833951,-0.261184346,0.335818794,-0.096110804,0.132562403,0.118503355,0.121212007,0.20372227,-0.184220161,0.283289356,-0.290226302,0.411816695,-0.123051609,-0.117924593,-0.171763966,-0.225210607,-0.166165118,-0.316901327,2.069289068
UCSB,IZC00035331,tripartitus,mainland,female,0.336464951,-0.254346636,0.336675593,-0.062218756,0.138157443,0.115655648,0.113259362,0.214378258,-0.159596977,0.282841468,-0.270794715,0.406926155,-0.130567559,-0.128819788,-0.190694076,-0.237719476,-0.172904022,-0.336696873,1.674036398
UCSB,IZC00035335,tripartitus,mainland,female,0.323008227,-0.260661067,0.338499261,-0.067379006,0.147089803,0.119563847,0.108356659,0.218349218,-0.150678577,0.281817778,-0.283031723,0.40629911,-0.131286384,-0.117492713,-0.191776651,-0.240747059,-0.160180614,-0.339750107,1.648882199
UCSB,IZC00035446,tripartitus,mainland,female,0.33000283,-0.255187559,0.351504143,-0.072987518,0.147104844,0.123343919,0.103218633,0.210695135,-0.159231775,0.283045996,-0.276040098,0.399400905,-0.136591193,-0.117657148,-0.194640652,-0.24163726,-0.165326732,-0.32901647,1.634035697
UCSB,IZC00035501,tripartitus,mainland,female,0.339257573,-0.260767235,0.347967342,-0.06792345,0.135139399,0.119574934,0.107314265,0.212686019,-0.156513742,0.279132406,-0.276985414,0.4015758,-0.131182201,-0.121194511,-0.196410345,-0.234986586,-0.168586877,-0.328097376,1.686340955
UCSB,IZC00035550,tripartitus,mainland,female,0.325829089,-0.260484082,0.348727718,-0.066230456,0.133579589,0.12706462,0.108135909,0.215452666,-0.147151692,0.280846636,-0.27793507,0.402717578,-0.132983093,-0.12043231,-0.188237543,-0.241428539,-0.169964907,-0.337506112,1.681589115
UCSB,IZC00035556,tripartitus,mainland,female,0.333239131,-0.258252311,0.343239053,-0.072405609,0.139001324,0.121704681,0.104963862,0.212240218,-0.148245226,0.275116372,-0.284688418,0.409252792,-0.131451642,-0.115703088,-0.188384305,-0.233179166,-0.167673779,-0.338773889,1.674496
UCSB,IZC00035636,tripartitus,mainland,female,0.357634255,-0.253730542,0.34575196,-0.073717841,0.132299459,0.121553634,0.109214297,0.204155674,-0.156259303,0.273146829,-0.27770683,0.401589167,-0.138453462,-0.12172278,-0.19797085,-0.22740841,-0.174509527,-0.323865731,1.717571156
UCSB,IZC00035659,tripartitus,mainland,female,0.3338466,-0.247620901,0.346901857,-0.076911687,0.141442597,0.113511359,0.113778339,0.215810173,-0.159491785,0.276294204,-0.282819474,0.405565256,-0.130802542,-0.119541088,-0.185009002,-0.235781307,-0.177846591,-0.331326009,1.703202462
UCSB,IZC00036124,tripartitus,mainland,female,0.336483651,-0.257005642,0.344362355,-0.068145834,0.140492926,0.115856901,0.11184482,0.212903514,-0.152021937,0.28511073,-0.281467096,0.397543604,-0.140555586,-0.116661224,-0.193892458,-0.236277924,-0.165246675,-0.333324126,1.638462248
UCSB,IZC00036688,tripartitus,mainland,female,0.323838472,-0.255032986,0.333132924,-0.068317906,0.142528595,0.106390694,0.118071143,0.209860205,-0.159697516,0.29110512,-0.28360547,0.414787029,-0.135979815,-0.112391667,-0.18625538,-0.254143757,-0.152032953,-0.332256732,1.566715957
UCSB,IZC00036708,tripartitus,mainland,male,0.330137156,-0.24809972,0.33619296,-0.07468086,0.140463219,0.115235378,0.122282739,0.196517086,-0.161263861,0.279754943,-0.293001028,0.420499344,-0.120020312,-0.116293058,-0.186491533,-0.244058671,-0.16829934,-0.328874442,1.625404503
UCSB,IZC00036897,tripartitus,mainland,female,0.340485327,-0.243448384,0.349945011,-0.065501503,0.147762899,0.115706478,0.122333447,0.210182969,-0.158922439,0.274998791,-0.281460345,0.391135801,-0.128023282,-0.118622622,-0.207093564,-0.235013799,-0.185027052,-0.329437731,1.761469614
UCSB,IZC00036993,tripartitus,mainland,female,0.3375356,-0.259615884,0.335857862,-0.07415108,0.135106408,0.123498804,0.111911152,0.213009422,-0.155320581,0.280788079,-0.28120546,0.405611895,-0.124717854,-0.114441029,-0.191163429,-0.240878498,-0.168003697,-0.333821709,1.692839162
UCSB,IZC00037003,tripartitus,mainland,female,0.336641346,-0.248559158,0.349328727,-0.07242694,0.145207558,0.116974118,0.12283226,0.212230579,-0.167777638,0.280804597,-0.278048571,0.394272811,-0.139642752,-0.123080011,-0.195529475,-0.237563874,-0.173011455,-0.322652122,1.695480802
UCSB,IZC00037020,tripartitus,mainland,female,0.334252332,-0.260014726,0.337935375,-0.075346733,0.135225614,0.120251886,0.109909117,0.21802512,-0.158022816,0.283292031,-0.277474132,0.406445117,-0.129188801,-0.118644788,-0.190787187,-0.245356991,-0.161849503,-0.328650917,1.578466573
UCSB,IZC00037064,tripartitus,mainland,female,0.347559927,-0.250642259,0.347131217,-0.071676121,0.141379952,0.122587591,0.110364705,0.206556338,-0.161149783,0.275811457,-0.274286548,0.397138278,-0.133599641,-0.114112359,-0.19936177,-0.239120644,-0.178038058,-0.32654228,1.756216632
UCSB,IZC00037072,tripartitus,mainland,female,0.326341877,-0.252228013,0.348869705,-0.076278501,0.144626291,0.122833849,0.118617003,0.211274244,-0.161822373,0.279167973,-0.285672185,0.402719824,-0.12954381,-0.121139645,-0.192102145,-0.245751484,-0.169314363,-0.320598247,1.696300929
UCSB,IZC00037074,tripartitus,mainland,female,0.342189648,-0.250859056,0.350786084,-0.072144008,0.142817849,0.112094374,0.11620528,0.205187212,-0.161682852,0.269753545,-0.287600049,0.405060798,-0.130975784,-0.112208154,-0.197489406,-0.235350073,-0.174250768,-0.321534639,1.7012309
UCSB,IZC00037321,tripartitus,mainland,female,0.342498274,-0.252347718,0.34833561,-0.064330763,0.145325195,0.123704023,0.115543716,0.214188732,-0.161999126,0.279215896,-0.269665583,0.38723564,-0.137112088,-0.119164144,-0.20139837,-0.242675583,-0.181527627,-0.325826083,1.709735492
UCSB,IZC00037323,tripartitus,mainland,female,0.315125569,-0.256463534,0.344638254,-0.066468345,0.140173914,0.124405111,0.113627766,0.22006268,-0.163215157,0.281772969,-0.269734293,0.409784439,-0.125208039,-0.126694701,-0.190707831,-0.255679531,-0.164700184,-0.330719087,1.711276786
UCSB,IZC00037325,tripartitus,mainland,female,0.336422531,-0.254386574,0.345364891,-0.072350264,0.139560015,0.126209911,0.111218916,0.213885425,-0.165012318,0.278322018,-0.269506739,0.403113677,-0.135916579,-0.126242922,-0.188001721,-0.24596645,-0.174128996,-0.32258482,1.605933632
UCSB,IZC00037327,tripartitus,mainland,female,0.328800697,-0.252984292,0.348935369,-0.070047607,0.140825229,0.128372423,0.11195422,0.213325643,-0.149787054,0.278488042,-0.280368101,0.399701979,-0.133403604,-0.121862457,-0.189868309,-0.245339015,-0.177088448,-0.329654715,1.816019272
UCSB,IZC00037328,tripartitus,mainland,female,0.327783948,-0.253046977,0.340651366,-0.065143862,0.15475721,0.118020248,0.106269947,0.217942857,-0.162646416,0.281448101,-0.271202121,0.403374539,-0.128411962,-0.123455416,-0.197328713,-0.250374537,-0.169873259,-0.328764954,1.639208929
UCSB,IZC00037331,tripartitus,mainland,female,0.325186197,-0.255274122,0.355567077,-0.068116919,0.151977043,0.125985688,0.104982102,0.216090217,-0.169754452,0.284565433,-0.265875738,0.39387577,-0.135981358,-0.131582542,-0.195967055,-0.239807272,-0.170133815,-0.325736252,1.649404512
UCSB,IZC00037336,tripartitus,mainland,female,0.333399471,-0.218599802,0.35604268,-0.072460412,0.153297243,0.114736307,0.1187197,0.204107746,-0.151753056,0.274873677,-0.278144204,0.396880985,-0.136187722,-0.115073432,-0.204749533,-0.24484553,-0.19062458,-0.339619541,1.718808468
UCSB,IZC00037342,tripartitus,mainland,female,0.331913343,-0.253645412,0.338698842,-0.062880932,0.143731246,0.124053015,0.105690135,0.218326992,-0.15973064,0.283983611,-0.262230203,0.400946438,-0.130516998,-0.123473146,-0.190169188,-0.244929535,-0.177386536,-0.342381031,1.615234352
UCSB,IZC00037348,tripartitus,mainland,female,0.334949753,-0.25507524,0.337289916,-0.07369016,0.136664892,0.124823774,0.116065742,0.215797179,-0.151589528,0.280930502,-0.28064061,0.402329327,-0.134967481,-0.118396524,-0.1873477,-0.241082893,-0.170424985,-0.335635965,1.602877143
UCSB,IZC00037351,tripartitus,mainland,female,0.346996118,-0.249662188,0.356961143,-0.068814019,0.142943519,0.11370846,0.106737272,0.204004816,-0.164177297,0.273304442,-0.274850807,0.399294884,-0.138893321,-0.113125561,-0.196151929,-0.236216312,-0.179564698,-0.322494524,1.776558277
UCSB,IZC00037356,tripartitus,mainland,female,0.340603325,-0.257290074,0.346434956,-0.074552108,0.14153473,0.121879527,0.103923538,0.215755723,-0.164040037,0.280441414,-0.270667023,0.398922502,-0.135178474,-0.120114864,-0.191961066,-0.238007712,-0.170649948,-0.327034407,1.72906323
UCSB,IZC00037367,tripartitus,mainland,female,0.341191461,-0.253374592,0.33893607,-0.067958529,0.137820054,0.122024178,0.111399511,0.213199071,-0.15786291,0.28223637,-0.271763063,0.400905302,-0.129956631,-0.122445827,-0.191361007,-0.243431401,-0.178403486,-0.331154571,1.724987662
UCSB,IZC00037368,tripartitus,mainland,female,0.350671204,-0.252430298,0.347729439,-0.070324387,0.145223955,0.117572677,0.119667331,0.203368782,-0.162041258,0.270592347,-0.286006189,0.397356628,-0.139904256,-0.116805346,-0.196835625,-0.23206971,-0.178504601,-0.317260692,1.604596122
UCSB,IZC00037371,tripartitus,mainland,female,0.319740352,-0.253999692,0.345126245,-0.074836923,0.143054175,0.126602882,0.116089239,0.216461934,-0.159391789,0.277021288,-0.27917801,0.408910578,-0.134574836,-0.119767323,-0.187248902,-0.253897059,-0.163616475,-0.326495685,1.685166326
UCSB,IZC00037374,tripartitus,mainland,female,0.337996282,-0.253498785,0.343876,-0.069142034,0.138430783,0.109249542,0.11390266,0.212685619,-0.166344849,0.279392926,-0.275409182,0.406822065,-0.129914034,-0.114801709,-0.192378726,-0.243583858,-0.170158933,-0.327123765,1.77601705
UCSB,IZC00037375,tripartitus,mainland,female,0.329457227,-0.258517377,0.338195402,-0.069711469,0.14751628,0.120604057,0.107401518,0.212769501,-0.160357209,0.281227157,-0.279167458,0.408188954,-0.124175184,-0.120759179,-0.194133603,-0.242543157,-0.164736973,-0.331258488,1.642838181
UCSB,IZC00037384,tripartitus,mainland,female,0.339722903,-0.255012358,0.341780135,-0.076830063,0.139571748,0.114299449,0.112728042,0.206842588,-0.170024094,0.278447715,-0.282609255,0.411020417,-0.121803312,-0.118257019,-0.183792831,-0.237608221,-0.175573337,-0.322902509,1.584982538
UCSB,IZC00037385,tripartitus,mainland,female,0.345477061,-0.247003739,0.349569313,-0.070896578,0.141035449,0.110841138,0.114928741,0.201743037,-0.16116285,0.279889673,-0.282432003,0.401408234,-0.134503029,-0.113702301,-0.196538407,-0.244127241,-0.176374276,-0.318152223,1.770160376
UCSB,IZC00037386,tripartitus,mainland,female,0.357991488,-0.259025251,0.359778553,-0.072157729,0.146372496,0.127369162,0.119489977,0.203236661,-0.163895342,0.26581191,-0.285264195,0.37801486,-0.146159913,-0.100342406,-0.206016768,-0.231378328,-0.182296295,-0.311528877,1.564436453
UCSB,IZC00037392,tripartitus,mainland,female,0.330364219,-0.244921556,0.343846354,-0.06695318,0.147383952,0.113693392,0.129198573,0.206130055,-0.155746206,0.276095321,-0.291486871,0.403618565,-0.132750989,-0.115212367,-0.196243041,-0.247128097,-0.174565992,-0.325322133,1.653489746
UCSB,IZC00037397,tripartitus,mainland,female,0.321095727,-0.256314525,0.347263194,-0.070068183,0.142111604,0.118531415,0.116923385,0.218766828,-0.148617385,0.281328631,-0.290522432,0.401156129,-0.128701173,-0.119909117,-0.188932997,-0.242280324,-0.170619924,-0.331210855,1.603261962
UCSB,IZC00037403,tripartitus,mainland,female,0.343230254,-0.247110713,0.353015741,-0.074584905,0.151514658,0.108076682,0.117743057,0.203672498,-0.159557366,0.264217472,-0.298306214,0.403653588,-0.129939022,-0.106033564,-0.195282674,-0.235345125,-0.182418436,-0.316545932,1.661562238
UCSB,IZC00037411,tripartitus,mainland,female,0.33386567,-0.254192602,0.345146761,-0.065312482,0.143618523,0.12767929,0.101251689,0.219783697,-0.153447813,0.27826034,-0.264840536,0.400356724,-0.134439009,-0.129847157,-0.198162173,-0.243916063,-0.172993112,-0.332811747,1.714862777
UCSB,IZC00037414,tripartitus,mainland,female,0.349117733,-0.252150649,0.354059644,-0.074050046,0.14021523,0.112348615,0.110433798,0.204108754,-0.16548073,0.272389883,-0.281849793,0.399613687,-0.131712566,-0.107136136,-0.197027066,-0.232188434,-0.17775625,-0.322935673,1.697621409
UCSB,IZC00037415,tripartitus,mainland,female,0.33758888,-0.252858083,0.336085007,-0.071480727,0.1434584,0.126656336,0.116021108,0.216915319,-0.158229511,0.276980068,-0.272881172,0.400082534,-0.135554313,-0.118761923,-0.198734298,-0.243547961,-0.1677541,-0.333985563,1.646873528
UCSB,IZC00037416,tripartitus,mainland,female,0.332686236,-0.250519973,0.354785327,-0.078670124,0.140442804,0.111710059,0.114535147,0.204556018,-0.156606264,0.275678942,-0.295833292,0.408065203,-0.131797226,-0.112139213,-0.185547016,-0.238326011,-0.172665717,-0.320354902,1.737427262
UCSB,IZC00037421,tripartitus,mainland,female,0.329844605,-0.256870131,0.333916094,-0.065062381,0.139202572,0.127030636,0.118309837,0.218601143,-0.160653574,0.280026185,-0.267849687,0.404131517,-0.132733725,-0.120106839,-0.192172881,-0.249922969,-0.167863242,-0.337827162,1.648941541
UCSB,IZC00037424,tripartitus,mainland,female,0.336396226,-0.257442962,0.339974251,-0.07070441,0.142979232,0.119877376,0.117101878,0.213776733,-0.162012157,0.271016559,-0.280463148,0.408200535,-0.134850958,-0.11695839,-0.192632832,-0.243848422,-0.166492492,-0.323917021,1.690745986
UCSB,IZC00037425,tripartitus,mainland,female,0.340592179,-0.255331501,0.346348407,-0.073801376,0.143308662,0.122356175,0.115467811,0.212738283,-0.161010701,0.273855918,-0.280418332,0.401785031,-0.143939955,-0.129131896,-0.192270339,-0.234089484,-0.168077733,-0.318381149,1.701735517
UCSB,IZC00037429,tripartitus,mainland,female,0.333240239,-0.249447944,0.343510683,-0.063903453,0.13989168,0.124176897,0.116679913,0.209214433,-0.155584267,0.274646663,-0.272485033,0.407563879,-0.139889382,-0.124176726,-0.194286428,-0.246518349,-0.171077405,-0.3315554,1.651156083
UCSB,IZC00037430,tripartitus,mainland,female,0.344429541,-0.245252646,0.345621766,-0.067087571,0.149102429,0.109871901,0.111235803,0.20870945,-0.154704402,0.278485012,-0.282294657,0.400629543,-0.136394355,-0.124097062,-0.196530141,-0.241398868,-0.180465984,-0.319859759,1.817348692
UCSB,IZC00037432,tripartitus,mainland,female,0.342347506,-0.252225925,0.338663397,-0.073554878,0.143946392,0.119513911,0.109953934,0.214702493,-0.162500163,0.286697155,-0.271027836,0.394368268,-0.134335292,-0.113378003,-0.195531638,-0.242558359,-0.171516299,-0.333564663,1.699837023
UCSB,IZC00037437,tripartitus,mainland,female,0.33841325,-0.253739031,0.342023187,-0.069990968,0.144549479,0.1173806,0.10995773,0.217949908,-0.160419693,0.280566209,-0.274739332,0.398533378,-0.129529391,-0.121629386,-0.195493567,-0.239456321,-0.174761662,-0.32961439,1.676774827
UCSB,IZC00037440,tripartitus,mainland,female,0.347707418,-0.246780006,0.352584509,-0.080055568,0.144102871,0.113542992,0.117405305,0.204621251,-0.17049851,0.277842885,-0.284458661,0.393927345,-0.132372603,-0.111109004,-0.18937161,-0.229427846,-0.185098719,-0.322562049,1.570050522
UCSB,IZC00037449,tripartitus,mainland,female,0.337277611,-0.25113145,0.354055055,-0.063101071,0.158177283,0.112279308,0.097735098,0.212105347,-0.165884707,0.282095274,-0.269720916,0.393575419,-0.133004614,-0.119906431,-0.194494833,-0.238985182,-0.184139977,-0.326931214,1.727601259
UCSB,IZC00037450,tripartitus,mainland,female,0.35117385,-0.249654959,0.347723632,-0.06429324,0.149171158,0.113778533,0.097180453,0.216973229,-0.158218524,0.282604326,-0.263445189,0.389546674,-0.139414785,-0.123918388,-0.202859724,-0.236716802,-0.181310872,-0.328319373,1.768532062
UCSB,IZC00037452,tripartitus,mainland,female,0.335043336,-0.252358918,0.352380376,-0.068259144,0.140468264,0.115807023,0.102244974,0.2165319,-0.158283515,0.285961942,-0.269455506,0.397100702,-0.133905,-0.12390905,-0.192937269,-0.242019029,-0.175555659,-0.328855427,1.674151595
UCSB,IZC00037456,tripartitus,mainland,female,0.337801887,-0.258557515,0.339463343,-0.071806436,0.144025684,0.12015627,0.099930322,0.217389244,-0.158927912,0.278488895,-0.271917922,0.40746217,-0.131369329,-0.122958037,-0.194664824,-0.239990134,-0.164341249,-0.330184456,1.701117608
UCSB,IZC00037457,tripartitus,mainland,female,0.343647328,-0.251209767,0.349950422,-0.065423181,0.142967618,0.119702443,0.118607306,0.209071004,-0.160254017,0.277007197,-0.277570789,0.39016949,-0.134954412,-0.115091435,-0.199941536,-0.235698412,-0.182451922,-0.328527339,1.690384881
UCSB,IZC00037463,tripartitus,mainland,female,0.337265022,-0.255137844,0.34457514,-0.074967919,0.14531248,0.119434381,0.113193638,0.216236601,-0.165581533,0.273894304,-0.280903629,0.402628649,-0.126905948,-0.122781452,-0.188169457,-0.236628365,-0.178785712,-0.322678355,1.559961232
UCSB,IZC00037465,tripartitus,mainland,female,0.32238829,-0.229871153,0.346871751,-0.072695114,0.151652136,0.125770765,0.120261915,0.211548765,-0.158025978,0.280054221,-0.272257912,0.401121672,-0.130161522,-0.125544188,-0.199195122,-0.256119861,-0.181533557,-0.334265108,1.665668811
UCSB,IZC00037475,tripartitus,mainland,female,0.340823842,-0.254130032,0.34513519,-0.066613724,0.147877382,0.118590126,0.115387066,0.216618339,-0.154354626,0.271463591,-0.283594779,0.392564404,-0.128410143,-0.111318401,-0.200732154,-0.234732937,-0.182131778,-0.332441365,1.67380265
UCSB,IZC00037485,tripartitus,mainland,female,0.32870432,-0.260385564,0.339792084,-0.065184799,0.137748059,0.133576446,0.114716598,0.212636607,-0.157299544,0.280187729,-0.271394172,0.404624893,-0.132233301,-0.127464845,-0.19517001,-0.247723233,-0.164864034,-0.330267234,1.620218511
UCSB,IZC00037490,tripartitus,mainland,female,0.344737021,-0.252573769,0.352351287,-0.071698781,0.139770382,0.124312584,0.112281412,0.213852488,-0.149746545,0.269496382,-0.281726466,0.394451994,-0.139279877,-0.119204556,-0.201331139,-0.236232421,-0.177056076,-0.322403921,1.776512513
UCSB,IZC00037491,tripartitus,mainland,female,0.339123869,-0.255013698,0.345509084,-0.074183038,0.146761474,0.113746709,0.100825374,0.216883927,-0.162309425,0.283291575,-0.273996848,0.399580204,-0.134086695,-0.117022258,-0.191567351,-0.238474148,-0.170259483,-0.328809274,1.693704588
UCSB,IZC00037497,tripartitus,mainland,female,0.327305753,-0.260228252,0.337032291,-0.06614813,0.14934087,0.126813215,0.122084021,0.21590972,-0.162975139,0.277315174,-0.280781931,0.400148471,-0.128358474,-0.120331004,-0.193614042,-0.243942248,-0.17003335,-0.329536946,1.629990059
UCSB,IZC00039619,unknown,island,unknown,0.336340345,-0.264888422,0.339625249,-0.073768872,0.144146302,0.120463383,0.111505968,0.211420195,-0.149756099,0.274241272,-0.275096271,0.408934272,-0.133229983,-0.115119908,-0.199356098,-0.23125724,-0.174179413,-0.330024679,1.522273853
UCSB,IZC00039375,unknown,island,unknown,0.348974567,-0.254912852,0.343618023,-0.095939162,0.139304293,0.115198706,0.129280842,0.192696475,-0.178355766,0.277511459,-0.281352531,0.410769561,-0.145216146,-0.111388235,-0.182521855,-0.217445487,-0.173731427,-0.316490464,2.438466174
UCSB,IZC00039637,unknown,island,unknown,0.350202592,-0.255389107,0.329816341,-0.067718644,0.142005014,0.117065993,0.114379245,0.206481478,-0.150063545,0.279099792,-0.265891868,0.409189732,-0.133851938,-0.121035622,-0.199694115,-0.241581296,-0.186901725,-0.326112326,1.544415847
UCSB,IZC00039412,unknown,island,unknown,0.34915755,-0.265608114,0.36025947,-0.092962945,0.138540287,0.111970012,0.132514939,0.18958107,-0.188961283,0.270975653,-0.287422428,0.40349211,-0.138031549,-0.103866768,-0.192977378,-0.2144905,-0.173079607,-0.299090518,2.362754732
UCSB,IZC00039643,unknown,island,unknown,0.31606276,-0.257600147,0.331244218,-0.077917615,0.156823988,0.127413876,0.135126765,0.202783214,-0.164895544,0.289263676,-0.280534871,0.408017739,-0.138950011,-0.122624164,-0.189887163,-0.243542602,-0.164990142,-0.325793977,1.712757868
UCSB,IZC00039392,unknown,mainland,unknown,0.310444885,-0.271468996,0.347323742,-0.094873485,0.139110054,0.126507686,0.112754054,0.210851238,-0.163996992,0.29781895,-0.282601208,0.408531934,-0.127104203,-0.115969725,-0.177189898,-0.239842883,-0.158740433,-0.321554718,2.220666297
UCSB,IZC00039469,unknown,mainland,unknown,0.327684705,-0.256003764,0.344397928,-0.079094914,0.151721275,0.118556639,0.120393205,0.212936947,-0.157112007,0.277926687,-0.278424897,0.402373988,-0.129560433,-0.112814812,-0.199839147,-0.238432541,-0.179260629,-0.32544823,1.608873862
UCSB,IZC00039381,unknown,mainland,unknown,0.337143551,-0.258803418,0.348326594,-0.071921387,0.14609891,0.113024743,0.114718763,0.203161658,-0.160266209,0.278456169,-0.273955026,0.406616193,-0.132426809,-0.116701655,-0.198072251,-0.230454118,-0.181567524,-0.323378186,1.59306639
UCSB,IZC00039379,unknown,mainland,unknown,0.309314909,-0.273838522,0.344392139,-0.069077802,0.144316414,0.131478862,0.115736506,0.216381466,-0.152907431,0.276691013,-0.274588686,0.41302132,-0.129084104,-0.122189162,-0.18588752,-0.242546283,-0.171292227,-0.329920892,1.707511894
UCSB,IZC00039615,unknown,mainland,unknown,0.325698304,-0.276884046,0.343343018,-0.093488262,0.132353516,0.12112638,0.100273536,0.216581191,-0.159866766,0.289729631,-0.276812923,0.412416988,-0.121550827,-0.107232015,-0.18204454,-0.240372437,-0.161393317,-0.321877431,2.088412942
UCSB,IZC00039430,unknown,mainland,unknown,0.342033801,-0.25232318,0.357741738,-0.078174555,0.14592619,0.115403519,0.116041452,0.199741948,-0.154042391,0.275779795,-0.281345261,0.399093774,-0.134798782,-0.115381608,-0.203480507,-0.228617191,-0.18807624,-0.315522501,1.639997663